N,P,K,temp,humidity,pH,rainfall,label
88,20,52,27.75,92.36,6.44,24.83,muskmelon
90,18,48,25.54,87.33,6.57,50.1,watermelon
33,54,50,30.76,92.62,6.79,211.18,papaya
49,59,51,32.86,91.59,6.57,195.62,papaya
9,137,199,22.01,92.41,6.07,113.18,apple
26,24,30,32.17,51.36,6.0,96.73,mango
24,140,202,22.01,90.88,6.39,121.95,apple
18,49,20,26.01,56.72,6.58,71.62,mothbeans
27,41,21,27.96,87.87,6.55,48.41,mungbean
19,61,20,25.16,67.35,6.09,45.16,lentil
32,58,21,28.02,64.34,7.09,67.73,blackgram
22,21,29,27.12,95.69,6.04,164.9,coconut
29,20,41,20.99,90.3,6.65,104.84,pomegranate
95,47,41,27.83,72.58,6.74,171.08,jute
23,17,30,27.9,93.88,5.86,190.17,coconut
29,19,42,21.27,92.45,6.49,106.18,pomegranate
22,128,201,22.3,90.42,6.11,107.85,apple
71,46,18,25.01,63.55,6.07,84.54,maize
38,53,50,36.47,92.63,6.78,194.38,papaya
91,12,50,28.69,92.37,6.5,25.17,muskmelon
87,25,33,24.56,57.7,7.3,176.32,coffee
42,58,50,32.09,93.02,6.69,210.64,papaya
12,14,9,24.35,92.74,7.13,111.99,orange
52,56,49,37.91,92.51,6.75,179.96,papaya
33,70,82,21.64,18.12,7.04,37.33,chickpea
75,42,41,27.28,76.85,6.67,167.36,jute
25,44,23,28.26,85.54,6.4,37.53,mungbean
20,19,8,31.54,92.22,6.9,108.84,orange
26,72,21,19.33,57.27,6.06,140.92,pigeonpeas
94,39,38,24.1,82.93,6.26,255.83,rice
19,15,42,22.82,86.75,6.83,103.65,pomegranate
28,53,20,26.98,53.47,5.93,35.4,mothbeans
77,43,40,26.79,82.27,6.61,174.46,jute
26,64,19,21.15,65.66,6.46,43.95,lentil
82,42,38,27.52,82.48,6.77,180.9,jute
29,58,23,30.78,64.18,7.22,65.07,blackgram
85,43,44,25.99,77.0,7.14,169.38,jute
27,57,80,21.1,19.13,6.39,40.83,chickpea
29,63,78,19.92,16.25,7.38,40.14,chickpea
23,53,20,22.48,19.63,5.68,103.45,kidneybeans
44,52,52,30.11,92.39,6.77,222.56,papaya
31,25,33,31.26,49.59,5.77,94.79,mango
31,61,20,27.48,64.63,6.97,68.85,blackgram
64,42,18,20.84,62.95,6.6,92.65,maize
28,45,21,28.63,84.61,6.6,53.63,mungbean
66,37,21,26.24,62.48,6.46,85.68,maize
24,73,20,25.3,53.1,6.16,117.19,pigeonpeas
20,18,29,28.32,93.85,5.78,167.15,coconut
88,16,51,29.31,92.07,6.22,26.05,muskmelon
69,42,21,22.77,59.16,6.35,90.09,maize
24,61,22,29.44,63.59,7.15,66.67,blackgram
97,28,31,24.78,59.99,6.65,182.12,coffee
31,128,201,24.42,82.68,5.84,70.27,grapes
22,45,23,28.3,86.14,6.51,50.64,mungbean
102,26,26,25.3,57.41,7.07,170.48,coffee
17,54,19,22.87,23.82,5.69,96.76,kidneybeans
135,44,20,23.96,79.3,6.93,79.75,cotton
19,125,199,22.37,92.09,6.01,114.34,apple
111,86,51,26.58,82.14,5.96,100.93,banana
29,60,25,28.21,64.29,7.07,69.0,blackgram
89,19,50,25.97,82.45,6.25,50.6,watermelon
30,16,30,28.11,95.33,5.9,181.61,coconut
14,61,23,22.47,63.99,6.14,42.98,lentil
16,25,12,21.12,92.08,6.66,107.9,orange
47,62,51,33.68,92.5,6.71,184.17,papaya
21,72,22,27.05,53.23,6.24,124.79,pigeonpeas
17,18,11,18.94,93.02,7.55,109.42,orange
89,42,38,22.59,81.57,6.53,225.92,rice
90,15,49,28.98,91.5,6.28,23.16,muskmelon
20,77,22,25.83,58.79,5.45,129.88,pigeonpeas
93,9,50,28.22,91.92,6.45,26.87,muskmelon
22,18,30,26.81,92.87,5.81,186.75,coconut
81,41,40,26.28,75.34,7.06,163.93,jute
109,89,52,27.19,80.05,6.15,102.44,banana
31,60,23,28.94,64.93,7.09,66.02,blackgram
49,53,50,36.88,93.48,6.71,232.66,papaya
95,88,49,26.01,76.58,6.21,102.06,banana
122,47,23,23.62,80.42,6.38,85.5,cotton
91,23,52,25.49,85.23,6.69,45.0,watermelon
10,12,10,22.36,93.21,7.25,112.02,orange
91,25,33,26.42,56.22,6.8,169.98,coffee
36,64,79,19.98,17.25,7.4,37.31,chickpea
90,42,38,22.83,83.13,6.26,203.6,rice
23,51,21,30.43,53.08,7.83,40.73,mothbeans
14,12,10,19.53,93.26,7.14,109.77,orange
16,23,31,31.89,47.79,5.57,96.46,mango
96,22,33,24.31,52.33,6.46,154.6,coffee
28,47,20,28.67,56.04,7.5,53.88,mothbeans
27,63,20,28.2,64.71,7.07,68.4,blackgram
8,20,43,21.68,89.51,6.29,106.5,pomegranate
68,45,19,20.39,58.61,6.4,74.33,maize
25,51,17,28.9,62.96,4.76,49.78,mothbeans
117,44,17,23.72,77.05,6.64,84.28,cotton
33,51,49,36.1,92.91,6.79,193.61,papaya
18,74,22,32.94,53.65,6.25,155.45,pigeonpeas
26,50,22,29.17,49.56,5.08,49.03,mothbeans
19,50,20,18.81,22.3,5.87,96.3,kidneybeans
112,25,28,25.38,51.93,6.74,178.21,coffee
32,64,24,33.64,63.86,7.27,68.46,blackgram
23,62,20,23.74,66.88,6.03,43.66,lentil
13,16,30,27.14,98.16,5.86,199.66,coconut
90,46,40,22.5,83.77,6.27,202.9,rice
18,16,10,21.68,92.73,6.43,113.46,orange
100,12,48,28.62,94.26,6.29,24.56,muskmelon
97,21,49,25.36,83.94,6.76,45.27,watermelon
26,52,20,20.04,22.14,5.65,121.71,kidneybeans
88,21,51,25.09,83.06,6.26,50.63,watermelon
107,82,52,27.47,83.09,5.93,96.34,banana
30,71,21,25.96,56.08,5.43,146.56,pigeonpeas
13,47,19,29.78,45.98,3.5,53.81,mothbeans
105,79,51,26.84,81.18,6.13,105.36,banana
77,48,38,28.2,84.05,7.63,161.76,jute
128,43,20,24.96,80.97,7.47,65.38,cotton
27,18,40,22.4,89.12,6.5,105.66,pomegranate
29,72,15,25.44,51.54,5.18,122.31,pigeonpeas
33,62,81,20.51,18.38,8.38,40.65,chickpea
70,45,19,22.45,66.93,6.09,100.1,maize
23,19,29,26.53,94.92,5.97,215.95,coconut
30,23,39,21.14,90.24,6.27,107.82,pomegranate
88,42,36,21.73,83.64,6.51,212.09,rice
24,76,21,26.11,53.27,5.83,152.85,pigeonpeas
35,132,201,23.87,83.89,5.89,68.98,grapes
30,65,20,31.22,65.59,7.06,66.82,blackgram
20,15,31,27.93,93.64,6.03,200.6,coconut
29,64,82,20.59,15.05,7.33,40.32,chickpea
32,64,18,27.5,63.76,6.89,69.38,blackgram
16,20,30,26.28,95.19,5.82,195.65,coconut
71,41,18,23.81,64.13,6.23,100.39,maize
100,82,51,28.12,80.57,6.32,94.91,banana
29,54,20,28.1,54.04,6.62,53.05,mothbeans
100,87,48,26.51,79.81,6.32,99.62,banana
32,51,18,20.51,22.34,5.73,126.8,kidneybeans
29,20,42,19.92,89.26,6.4,104.81,pomegranate
31,65,78,20.32,16.52,7.59,39.23,chickpea
25,22,28,28.41,96.07,5.84,206.64,coconut
16,16,8,21.04,91.56,6.96,106.42,orange
28,74,19,24.12,52.04,6.27,167.53,pigeonpeas
97,83,51,27.3,74.93,6.17,104.79,banana
90,81,52,27.58,80.61,5.71,98.81,banana
22,135,201,23.21,90.88,6.11,116.6,apple
22,54,18,19.35,22.31,5.82,100.59,kidneybeans
91,18,51,28.45,92.51,6.32,23.75,muskmelon
30,43,23,29.01,83.91,6.7,47.3,mungbean
17,49,20,27.46,54.64,6.79,36.88,mothbeans
23,25,32,27.95,96.04,5.94,171.53,coconut
66,39,19,22.43,63.11,6.19,87.93,maize
7,135,198,22.02,92.5,5.98,106.62,apple
7,14,28,27.11,95.18,5.96,170.17,coconut
23,60,21,19.48,22.58,5.79,111.3,kidneybeans
20,56,21,27.85,56.67,6.21,44.79,mothbeans
20,42,21,29.55,82.48,6.89,51.55,mungbean
17,64,21,24.34,66.92,5.95,45.78,lentil
94,21,50,24.87,83.34,6.55,51.14,watermelon
29,43,22,28.76,85.04,6.65,47.16,mungbean
22,74,17,24.84,54.9,5.55,127.83,pigeonpeas
19,68,17,22.66,52.64,6.98,135.36,pigeonpeas
25,71,20,26.72,47.9,6.23,127.04,pigeonpeas
16,52,23,20.03,21.77,5.64,95.75,kidneybeans
69,43,22,21.27,63.42,6.15,85.24,maize
84,42,43,27.37,84.15,6.81,183.82,jute
26,55,80,21.8,18.53,7.1,39.18,chickpea
18,132,201,22.67,92.92,6.08,116.19,apple
21,12,10,23.65,92.61,6.93,113.79,orange
125,43,24,24.27,79.76,6.59,75.04,cotton
89,43,39,24.11,83.78,6.13,219.69,rice
20,16,30,27.6,93.07,5.93,181.29,coconut
29,140,201,26.69,82.39,5.99,69.56,grapes
16,60,19,22.12,64.09,6.2,46.4,lentil
96,22,51,25.44,87.52,6.46,49.9,watermelon
34,138,200,18.69,81.48,6.02,69.17,grapes
29,137,198,26.73,82.18,5.87,74.31,grapes
23,63,21,30.63,65.28,7.19,66.15,blackgram
24,22,41,21.89,94.89,6.16,102.15,pomegranate
36,70,79,18.88,17.62,6.12,40.54,chickpea
18,22,30,27.34,92.63,6.13,169.13,coconut
65,38,22,22.19,60.83,6.51,79.95,maize
17,57,19,23.54,66.19,5.9,42.47,lentil
35,129,200,22.74,81.53,5.95,71.85,grapes
93,17,50,24.95,84.5,6.37,51.28,watermelon
82,41,38,27.06,80.73,6.74,163.01,jute
106,27,31,26.22,57.72,7.0,176.14,coffee
102,29,30,23.99,53.25,6.93,164.3,coffee
22,53,18,19.5,21.44,5.97,88.32,kidneybeans
75,46,38,26.11,77.68,6.61,172.67,jute
21,52,21,27.89,58.13,7.21,50.26,mothbeans
20,52,21,19.19,20.71,5.75,88.69,kidneybeans
95,90,53,26.97,82.08,5.82,103.58,banana
21,52,21,20.56,21.87,5.79,81.97,kidneybeans
27,19,33,28.9,93.99,6.42,180.41,coconut
48,58,47,32.48,93.29,6.77,180.06,papaya
43,54,50,32.79,91.33,6.7,198.37,papaya
22,43,22,28.75,83.54,6.82,44.84,mungbean
17,24,34,31.13,51.23,5.75,91.92,mango
20,23,41,21.43,87.16,6.23,105.31,pomegranate
94,20,49,26.1,87.01,6.54,47.0,watermelon
29,55,20,22.93,21.93,5.78,104.2,kidneybeans
66,42,19,22.22,62.64,6.38,84.41,maize
31,133,198,22.68,92.7,5.9,114.89,apple
30,64,22,28.75,61.72,7.0,68.23,blackgram
33,64,79,17.85,16.9,6.89,38.35,chickpea
27,132,201,28.84,82.62,6.06,70.14,grapes
29,135,198,19.62,81.56,6.34,70.88,grapes
109,83,51,26.93,79.69,5.87,105.55,banana
123,47,22,23.85,80.79,6.78,93.7,cotton
87,42,41,22.84,81.81,6.2,217.86,rice
21,22,39,21.66,89.92,6.19,104.81,pomegranate
22,42,18,27.25,85.33,6.8,48.59,mungbean
97,95,51,28.58,82.33,6.04,101.0,banana
78,41,39,28.89,80.75,6.34,170.66,jute
20,40,21,28.08,85.17,6.62,40.08,mungbean
70,44,18,23.07,62.92,6.37,87.41,maize
30,64,82,20.95,16.86,7.2,38.38,chickpea
31,62,79,20.72,17.19,7.86,39.33,chickpea
27,64,82,20.11,16.3,7.46,38.89,chickpea
23,134,200,23.42,92.91,5.84,113.53,apple
86,47,42,22.95,81.07,6.44,213.66,rice
22,49,18,18.33,21.74,5.76,94.17,kidneybeans
50,60,55,34.92,91.95,6.79,195.56,papaya
99,28,28,25.31,57.0,6.44,165.8,coffee
31,59,19,31.4,63.25,6.58,66.93,blackgram
25,58,18,20.79,20.42,5.8,91.22,kidneybeans
22,27,31,30.76,50.47,6.15,96.94,mango
13,26,34,32.67,48.56,6.22,94.47,mango
26,20,30,26.06,93.33,5.81,146.42,coconut
46,50,48,31.02,91.95,6.64,203.39,papaya
20,135,199,22.63,91.24,5.89,109.68,apple
27,63,82,19.67,17.16,6.52,40.71,chickpea
12,20,41,20.13,91.55,5.91,104.04,pomegranate
28,65,79,21.45,17.77,7.15,41.04,chickpea
91,19,50,28.74,92.55,6.4,26.99,muskmelon
0,139,201,23.5,93.53,6.26,116.16,apple
87,18,52,27.92,92.37,6.17,24.34,muskmelon
89,24,48,28.01,91.93,6.29,24.55,muskmelon
24,22,28,30.74,50.4,6.37,91.59,mango
20,24,36,32.51,49.32,5.31,91.87,mango
114,47,18,24.48,79.83,7.6,82.27,cotton
22,9,28,27.64,94.7,5.96,186.15,coconut
24,23,38,21.22,90.49,6.73,101.62,pomegranate
92,42,40,24.78,83.19,6.33,230.23,rice
91,14,49,28.41,91.22,6.17,24.0,muskmelon
101,23,30,23.58,57.92,6.14,180.88,coffee
36,53,50,34.93,91.4,6.74,188.04,papaya
23,57,21,27.49,52.37,6.77,53.15,mothbeans
73,39,16,23.9,59.08,6.19,75.25,maize
18,26,28,31.66,50.25,5.12,96.66,mango
90,24,51,28.65,92.17,6.32,27.34,muskmelon
26,72,19,29.47,60.52,5.76,133.78,pigeonpeas
27,42,21,28.44,84.36,6.79,51.15,mungbean
99,24,31,25.66,63.14,6.79,164.49,coffee
24,129,200,28.33,82.66,6.27,68.27,grapes
15,16,28,25.99,95.58,6.04,180.17,coconut
114,43,22,23.77,76.25,6.83,78.96,cotton
22,74,18,26.67,56.49,5.83,148.13,pigeonpeas
91,41,38,22.75,81.6,6.52,225.29,rice
32,135,199,23.16,92.47,6.04,112.32,apple
16,18,38,21.45,87.54,6.82,105.09,pomegranate
103,24,30,26.46,55.77,6.94,185.11,coffee
29,60,81,19.92,17.35,8.6,40.5,chickpea
129,46,19,24.07,81.12,7.46,84.79,cotton
82,43,39,26.51,85.09,6.68,158.74,jute
14,26,30,31.24,52.23,5.46,92.75,mango
97,78,52,26.48,78.58,5.93,100.91,banana
41,55,49,39.71,93.16,6.79,220.6,papaya
14,133,201,21.56,92.94,5.91,111.7,apple
27,70,79,21.22,18.77,7.5,39.28,chickpea
92,44,39,23.88,81.46,6.35,212.84,rice
25,76,18,22.54,53.05,6.52,117.15,pigeonpeas
17,52,21,28.7,44.82,5.79,49.57,mothbeans
11,40,18,28.37,84.1,6.83,39.75,mungbean
83,41,37,26.24,75.48,7.07,165.11,jute
11,27,40,21.43,90.98,6.82,106.58,pomegranate
32,136,200,13.23,82.52,6.21,70.88,grapes
27,52,19,27.66,61.04,6.75,55.21,mothbeans
78,39,39,26.38,77.91,7.23,182.66,jute
72,48,20,21.3,59.05,6.07,84.72,maize
14,15,26,28.84,96.89,5.83,176.2,coconut
70,45,20,22.9,63.3,6.08,93.27,maize
28,65,81,18.56,15.59,6.72,37.97,chickpea
92,86,47,27.03,77.63,6.08,96.92,banana
87,42,38,22.85,81.5,6.58,215.41,rice
10,24,32,27.27,94.96,6.0,212.88,coconut
74,46,39,27.49,81.79,6.71,170.11,jute
22,23,31,30.68,49.16,5.12,96.54,mango
94,22,52,28.0,91.48,6.25,27.22,muskmelon
16,135,199,22.61,92.42,6.04,110.58,apple
107,88,51,28.21,79.86,6.11,98.05,banana
29,73,17,23.78,54.59,6.05,124.28,pigeonpeas
31,63,22,31.32,66.62,7.05,64.03,blackgram
20,17,12,17.76,90.6,6.93,111.56,orange
30,63,77,20.51,17.06,6.42,35.21,chickpea
90,19,49,25.61,84.01,6.71,49.62,watermelon
86,86,50,26.95,81.65,6.12,100.99,banana
20,139,200,22.1,91.91,6.1,117.91,apple
31,68,78,18.24,16.23,7.63,39.08,chickpea
107,26,27,25.22,63.26,6.84,173.68,coffee
16,72,20,27.77,53.3,6.02,99.38,pigeonpeas
7,18,8,23.68,91.55,6.61,115.35,orange
21,137,198,23.14,91.2,6.35,110.79,apple
15,18,29,26.31,97.79,5.8,183.67,coconut
52,53,51,34.59,91.14,6.67,197.5,papaya
85,20,50,25.8,85.11,6.6,47.29,watermelon
24,54,21,29.92,56.91,7.69,47.9,mothbeans
37,57,51,32.41,91.25,6.75,199.87,papaya
34,63,80,20.01,16.85,7.32,39.8,chickpea
20,18,43,23.64,88.55,6.69,106.25,pomegranate
26,68,80,20.67,16.61,6.22,41.36,chickpea
50,56,49,38.9,91.37,6.74,216.12,papaya
26,65,20,19.39,64.4,6.93,44.62,lentil
24,129,200,22.48,92.06,5.83,111.31,apple
19,19,40,21.59,89.28,6.92,103.05,pomegranate
30,71,83,19.54,17.0,7.23,38.34,chickpea
7,26,29,31.97,50.97,6.29,92.49,mango
34,69,80,17.88,16.99,7.65,39.96,chickpea
23,18,39,21.84,88.06,6.38,103.57,pomegranate
86,13,51,24.86,84.45,6.58,49.78,watermelon
23,54,21,20.13,22.37,5.79,86.44,kidneybeans
31,43,22,28.64,83.07,6.48,41.04,mungbean
90,18,50,28.5,91.59,6.55,25.49,muskmelon
93,16,52,26.07,85.17,6.42,46.76,watermelon
17,52,22,19.79,23.26,5.63,104.82,kidneybeans
94,17,47,28.72,93.56,6.52,23.9,muskmelon
24,24,30,31.64,50.18,6.17,96.07,mango
93,41,39,23.04,81.28,6.21,218.05,rice
32,63,22,31.64,62.67,7.1,66.99,blackgram
30,66,79,19.68,18.01,7.6,39.77,chickpea
116,86,49,26.22,80.78,6.3,99.18,banana
27,63,17,31.92,64.66,7.19,66.18,blackgram
20,70,22,27.46,51.87,6.11,126.19,pigeonpeas
42,52,50,34.61,92.24,6.85,208.47,papaya
34,73,20,28.46,50.77,6.85,148.71,pigeonpeas
17,40,19,27.48,85.08,6.66,40.53,mungbean
22,13,32,25.18,94.37,6.19,157.27,coconut
120,40,15,24.9,81.2,7.09,75.95,cotton
33,133,199,29.8,83.04,5.89,67.79,grapes
22,131,197,22.39,92.7,5.94,105.56,apple
20,62,19,23.38,62.42,6.32,44.93,lentil
93,82,49,26.5,80.37,5.68,96.27,banana
87,43,39,26.29,74.18,6.94,180.74,jute
28,136,199,22.67,91.44,6.15,112.19,apple
23,16,39,21.45,88.17,7.1,103.58,pomegranate
17,134,200,21.96,94.83,5.92,103.26,apple
25,43,22,28.76,84.68,6.67,49.63,mungbean
86,10,52,27.85,92.35,6.5,23.98,muskmelon
95,22,33,26.3,52.85,6.56,172.42,coffee
99,27,30,25.22,57.31,6.76,166.95,coffee
32,70,20,23.39,53.04,5.58,133.86,pigeonpeas
78,44,42,27.43,83.07,7.31,179.59,jute
26,51,19,20.44,20.99,5.74,136.5,kidneybeans
108,80,48,25.48,78.7,6.13,98.62,banana
72,43,22,25.0,65.04,5.79,74.34,maize
77,41,39,24.47,83.8,7.32,164.39,jute
78,41,19,21.57,61.11,6.09,94.91,maize
37,76,21,26.7,54.29,5.52,146.42,pigeonpeas
13,22,31,29.29,51.76,5.53,94.35,mango
29,50,23,20.83,19.87,5.78,73.5,kidneybeans
28,15,39,20.34,87.08,6.53,108.01,pomegranate
90,22,50,25.69,84.93,6.48,50.86,watermelon
29,67,20,29.97,64.2,7.18,72.4,blackgram
69,43,19,24.38,60.26,6.2,81.34,maize
90,39,39,23.56,81.78,6.07,226.74,rice
22,54,21,29.75,47.5,4.24,55.72,mothbeans
18,48,21,17.39,21.61,5.73,115.19,kidneybeans
18,22,34,31.86,48.58,6.11,96.28,mango
125,42,19,23.39,82.64,7.25,92.96,cotton
47,51,49,30.85,91.9,6.72,195.56,papaya
31,53,18,28.14,49.94,5.98,56.53,mothbeans
121,44,18,24.24,79.62,7.0,75.17,cotton
38,44,20,29.09,88.91,6.85,51.45,mungbean
20,21,7,23.34,92.44,7.24,109.37,orange
76,41,42,25.02,77.77,6.81,174.87,jute
28,58,19,27.68,67.84,6.98,66.64,blackgram
28,45,23,28.92,86.94,6.6,42.68,mungbean
97,31,31,25.64,62.46,6.17,161.85,coffee
98,90,47,25.62,80.15,5.93,100.03,banana
21,74,21,31.74,54.41,6.33,146.8,pigeonpeas
41,51,51,33.6,92.34,6.87,209.15,papaya
20,121,200,22.72,92.8,6.15,110.89,apple
15,21,41,22.62,87.96,7.23,106.28,pomegranate
70,41,20,20.17,63.33,6.46,68.39,maize
9,34,31,31.82,51.03,6.05,94.77,mango
21,12,33,27.41,94.28,5.84,180.4,coconut
9,134,201,23.08,92.65,5.78,108.5,apple
18,64,17,24.37,65.75,6.68,43.72,lentil
82,39,39,27.83,81.03,6.81,167.85,jute
20,54,19,28.35,52.8,5.12,44.81,mothbeans
12,66,21,21.0,62.54,6.67,43.77,lentil
29,10,31,26.45,97.33,5.74,199.2,coconut
28,56,22,32.57,64.08,6.96,65.62,blackgram
75,38,44,25.99,83.78,6.75,187.82,jute
23,44,18,28.61,85.92,6.81,39.43,mungbean
115,44,18,24.42,82.97,7.11,84.25,cotton
91,20,51,25.26,84.11,6.61,52.38,watermelon
22,131,200,23.18,92.13,6.1,112.66,apple
34,131,199,18.35,81.88,6.09,70.01,grapes
18,16,29,27.61,94.01,6.08,152.96,coconut
31,137,201,24.15,83.63,5.61,73.42,grapes
91,16,49,24.95,89.61,6.46,43.58,watermelon
90,37,40,21.98,83.06,6.23,204.03,rice
17,23,31,33.47,51.95,5.23,97.15,mango
12,27,33,34.35,54.78,5.37,99.71,mango
101,27,29,26.58,56.5,6.26,166.09,coffee
27,21,39,21.45,90.03,6.23,105.96,pomegranate
104,86,52,27.26,79.48,5.87,99.17,banana
30,137,203,21.58,83.17,6.13,71.79,grapes
79,45,39,24.78,79.45,6.71,179.1,jute
9,11,10,17.7,94.25,6.31,107.33,orange
113,41,18,23.68,79.01,6.03,84.67,cotton
29,25,31,32.72,48.79,5.77,95.21,mango
45,59,49,33.04,90.55,6.89,182.16,papaya
90,23,49,29.43,91.94,6.41,24.53,muskmelon
24,47,20,30.17,46.36,6.12,52.19,mothbeans
69,46,40,26.04,78.74,6.33,179.94,jute
31,64,83,20.49,18.11,7.33,41.96,chickpea
22,53,22,28.24,56.94,8.32,43.89,mothbeans
21,22,44,20.34,88.13,6.25,105.05,pomegranate
92,24,48,26.29,85.47,6.5,48.67,watermelon
28,55,18,28.99,48.93,6.86,41.57,mothbeans
132,41,19,24.2,81.19,7.23,73.59,cotton
49,57,53,34.16,92.98,6.63,186.25,papaya
90,21,53,25.86,84.86,6.73,42.69,watermelon
24,48,19,27.29,49.97,6.6,56.39,mothbeans
93,45,39,24.62,82.84,6.33,237.13,rice
34,21,33,26.98,95.55,6.22,165.06,coconut
23,53,19,26.16,50.88,6.42,54.22,mothbeans
24,53,22,29.98,52.04,6.33,49.63,mothbeans
74,46,20,21.37,63.65,6.08,101.78,maize
88,41,40,21.81,81.33,5.99,212.51,rice
68,41,21,22.06,65.62,6.08,87.32,maize
20,16,28,27.37,95.13,6.09,216.17,coconut
18,16,10,20.64,92.77,6.82,111.56,orange
17,19,41,20.61,89.56,6.62,101.76,pomegranate
21,52,22,20.93,20.2,5.77,112.47,kidneybeans
91,20,50,26.0,85.96,6.45,48.46,watermelon
23,42,20,29.11,83.21,6.57,51.82,mungbean
30,63,21,31.06,65.43,7.2,63.7,blackgram
94,43,39,25.31,82.6,6.41,215.79,rice
89,40,38,24.58,84.09,5.85,221.57,rice
117,41,17,24.66,79.71,6.44,74.49,cotton
110,43,18,24.42,78.96,6.51,85.33,cotton
17,70,20,23.77,56.69,5.64,184.69,pigeonpeas
36,23,10,26.47,91.14,7.84,108.03,orange
34,60,22,29.09,62.77,7.12,70.73,blackgram
18,64,21,25.28,62.18,6.5,44.05,lentil
107,88,50,25.03,78.93,5.9,96.74,banana
13,25,32,33.18,50.38,5.62,95.45,mango
69,45,22,20.66,63.99,6.43,82.52,maize
22,136,197,22.84,92.49,6.14,116.31,apple
10,17,36,19.84,90.3,5.85,102.53,pomegranate
22,26,33,31.87,49.33,5.75,95.2,mango
121,43,19,24.55,76.9,6.7,76.77,cotton
32,45,21,28.02,84.87,6.65,43.31,mungbean
25,70,23,31.88,55.52,6.51,148.21,pigeonpeas
29,67,80,19.25,17.23,6.6,41.79,chickpea
21,125,200,22.61,92.43,5.91,108.56,apple
102,31,29,26.15,58.26,7.07,175.76,coffee
31,73,17,23.33,54.38,6.15,143.96,pigeonpeas
79,42,38,26.81,87.54,6.83,171.39,jute
86,45,40,24.74,80.82,6.69,162.58,jute
74,40,42,24.37,85.39,6.89,168.56,jute
51,51,48,33.98,90.7,6.85,220.35,papaya
24,64,19,28.36,65.32,6.21,46.61,lentil
29,129,201,17.31,82.97,6.11,68.53,grapes
91,46,37,23.72,82.72,6.32,200.57,rice
14,12,11,20.48,91.19,7.32,114.65,orange
22,43,21,28.45,84.9,6.77,46.54,mungbean
14,24,30,31.09,50.98,5.87,98.05,mango
17,54,21,18.84,22.18,5.77,96.92,kidneybeans
29,133,201,27.8,82.7,5.8,68.44,grapes
19,46,19,29.23,84.87,6.39,51.22,mungbean
15,24,12,25.09,92.13,6.71,108.03,orange
18,71,20,25.21,54.27,5.95,143.52,pigeonpeas
108,82,48,27.79,81.22,6.21,102.67,banana
89,44,44,23.71,82.71,6.05,205.09,rice
31,74,20,25.32,48.25,5.46,180.04,pigeonpeas
38,20,42,21.77,90.83,6.39,105.33,pomegranate
96,31,28,25.3,54.46,6.41,185.47,coffee
85,18,50,28.94,93.98,6.22,24.91,muskmelon
26,65,21,28.78,64.76,7.27,69.33,blackgram
47,60,51,36.97,92.75,6.62,182.59,papaya
42,55,50,34.29,94.6,6.78,166.07,papaya
21,11,41,21.09,89.88,6.38,106.35,pomegranate
24,56,21,21.32,21.6,5.87,111.15,kidneybeans
32,65,79,19.89,17.43,6.81,39.57,chickpea
26,40,19,28.55,86.84,6.66,46.52,mungbean
26,42,19,28.09,83.85,6.47,47.18,mungbean
20,23,29,34.5,49.49,5.9,95.9,mango
26,68,21,27.34,57.13,6.53,151.74,pigeonpeas
92,11,50,28.44,92.89,6.04,25.28,muskmelon
21,17,29,30.78,46.88,5.27,91.7,mango
23,50,20,29.07,52.46,7.08,62.09,mothbeans
34,74,18,27.88,49.84,6.54,136.36,pigeonpeas
88,15,51,28.17,93.26,6.56,22.22,muskmelon
93,43,42,23.19,84.77,6.29,205.0,rice
15,29,38,19.92,91.22,5.81,104.61,pomegranate
89,24,49,28.34,92.05,6.39,24.03,muskmelon
21,75,22,27.78,58.94,5.41,175.57,pigeonpeas
28,141,198,21.54,92.3,5.75,112.69,apple
19,44,21,28.69,83.34,6.74,42.57,mungbean
92,42,41,22.8,82.57,6.12,228.62,rice
19,53,19,19.32,20.34,5.8,117.88,kidneybeans
15,130,198,22.39,93.4,6.0,116.08,apple
88,45,40,22.24,81.9,6.3,206.48,rice
21,25,30,30.54,49.9,6.22,95.19,mango
51,62,52,31.16,91.92,6.74,229.74,papaya
27,50,20,29.28,58.87,7.71,55.07,mothbeans
117,46,21,24.55,82.04,7.09,86.19,cotton
17,12,41,21.18,91.62,6.13,103.97,pomegranate
15,75,19,27.71,58.99,5.31,131.99,pigeonpeas
46,53,51,36.0,93.46,6.83,208.19,papaya
20,61,21,23.57,63.43,6.58,46.55,lentil
75,42,20,22.24,62.54,5.98,73.0,maize
34,64,79,18.96,15.86,8.03,38.16,chickpea
86,18,51,28.76,93.39,6.3,24.11,muskmelon
123,41,18,23.38,78.75,7.09,87.68,cotton
20,53,23,17.93,19.79,5.76,105.76,kidneybeans
27,63,81,21.67,17.83,6.4,40.74,chickpea
23,39,20,29.1,82.45,6.52,48.03,mungbean
93,18,30,26.16,57.23,6.62,174.65,coffee
95,28,32,24.73,58.27,7.21,174.15,coffee
18,18,11,20.64,92.66,6.95,109.69,orange
87,18,46,25.74,86.1,6.62,48.68,watermelon
16,14,10,22.09,93.04,6.85,115.73,orange
31,135,202,17.89,83.96,5.58,68.72,grapes
93,19,31,25.06,55.05,6.43,171.61,coffee
31,73,22,29.63,53.12,5.59,146.43,pigeonpeas
15,22,29,31.61,51.99,5.19,94.47,mango
19,136,197,22.07,91.13,5.96,117.55,apple
21,24,30,31.73,49.04,5.38,94.25,mango
13,29,43,21.46,90.43,6.29,105.72,pomegranate
98,20,32,25.93,59.48,7.07,161.75,coffee
22,73,20,20.16,47.93,5.7,153.39,pigeonpeas
109,28,30,24.43,56.09,7.15,183.85,coffee
25,142,198,23.39,82.47,6.32,67.79,grapes
101,39,21,25.35,81.5,7.02,79.86,cotton
17,15,38,20.33,88.46,6.18,105.86,pomegranate
41,56,51,30.84,92.44,6.74,190.8,papaya
16,138,200,22.22,92.29,6.27,111.52,apple
26,62,19,26.34,67.67,7.12,68.83,blackgram
23,72,20,21.59,59.98,6.02,153.12,pigeonpeas
85,22,49,25.11,86.65,6.19,44.92,watermelon
37,56,49,33.09,92.76,6.73,203.84,papaya
25,60,22,29.72,65.13,7.13,69.24,blackgram
30,142,198,28.98,83.89,5.95,71.43,grapes
15,61,18,25.39,66.19,5.82,47.22,lentil
90,44,39,23.88,82.39,6.17,221.94,rice
103,20,30,25.72,56.41,6.83,178.06,coffee
51,60,52,38.66,92.21,6.7,187.02,papaya
31,66,81,19.86,17.83,6.95,40.44,chickpea
94,27,31,24.45,53.83,6.75,187.92,coffee
72,37,38,22.71,87.04,7.07,167.29,jute
24,49,21,27.53,61.6,7.37,46.13,mothbeans
8,21,41,20.71,87.86,6.99,105.82,pomegranate
48,51,46,30.42,92.3,6.97,209.05,papaya
24,71,23,24.07,53.15,6.1,122.96,pigeonpeas
27,129,199,23.16,93.04,6.01,114.47,apple
29,51,20,19.88,20.97,5.77,93.63,kidneybeans
20,16,8,19.17,91.67,6.9,116.51,orange
23,49,19,29.11,53.84,6.93,43.37,mothbeans
92,45,42,24.26,82.24,6.31,205.98,rice
24,41,18,27.96,81.63,6.68,45.01,mungbean
85,19,49,26.04,85.38,6.6,54.7,watermelon
11,24,40,22.98,90.82,6.09,107.37,pomegranate
12,18,31,26.16,93.12,5.98,165.22,coconut
29,8,32,27.05,94.38,5.91,205.71,coconut
82,39,40,25.7,73.91,7.35,169.2,jute
16,17,43,22.15,88.44,6.87,105.33,pomegranate
26,50,21,22.56,20.19,5.67,120.26,kidneybeans
21,48,19,29.67,58.31,7.52,52.86,mothbeans
79,45,41,27.17,84.63,6.63,171.06,jute
26,55,19,20.06,22.3,5.73,121.09,kidneybeans
90,39,38,23.11,83.89,6.09,197.46,rice
18,61,19,23.23,63.94,6.3,45.6,lentil
47,55,50,36.97,93.89,6.77,210.92,papaya
12,19,41,20.09,91.35,6.22,104.2,pomegranate
20,19,9,21.08,92.01,6.99,102.06,orange
35,65,80,20.71,17.69,7.48,40.48,chickpea
82,44,36,28.95,78.08,6.69,172.87,jute
15,17,38,21.25,90.64,6.73,105.4,pomegranate
111,46,19,24.01,76.59,6.42,84.07,cotton
31,52,18,28.91,52.86,7.14,51.28,mothbeans
23,41,20,27.75,87.13,6.59,50.51,mungbean
32,134,200,23.66,82.57,6.08,70.45,grapes
17,43,20,28.57,84.13,7.21,53.17,mungbean
28,63,19,29.65,62.8,6.26,45.3,lentil
113,40,19,23.98,78.9,7.28,82.32,cotton
24,50,19,21.88,20.11,5.89,91.49,kidneybeans
8,22,25,31.29,48.1,5.77,92.29,mango
88,18,50,28.66,93.22,6.23,21.81,muskmelon
24,56,21,19.48,21.5,5.65,114.07,kidneybeans
18,16,10,23.14,91.9,6.27,106.69,orange
28,69,21,23.66,52.49,5.27,135.81,pigeonpeas
70,43,20,23.95,68.03,6.11,73.58,maize
81,45,40,26.67,79.69,7.27,169.44,jute
118,26,32,25.99,59.06,6.88,158.98,coffee
114,46,20,24.38,82.52,6.04,88.53,cotton
65,46,23,21.58,61.53,6.32,87.79,maize
20,60,20,26.74,67.0,6.24,44.85,lentil
18,54,21,18.66,22.54,5.7,108.8,kidneybeans
20,19,42,20.93,87.65,6.33,106.03,pomegranate
50,51,54,37.14,91.1,6.69,213.6,papaya
90,40,41,23.73,82.0,6.17,210.5,rice
19,73,22,22.94,55.62,6.47,145.23,pigeonpeas
87,20,50,29.29,92.92,6.34,24.98,muskmelon
18,41,20,27.7,83.77,6.81,53.45,mungbean
20,51,18,20.73,22.41,5.79,130.12,kidneybeans
65,43,20,23.37,62.8,6.01,94.97,maize
81,47,42,25.42,88.06,6.99,185.39,jute
17,53,21,19.3,18.46,5.77,111.55,kidneybeans
33,59,82,18.34,18.36,7.56,38.18,chickpea
123,41,23,25.03,80.05,7.46,91.89,cotton
26,50,20,30.21,54.37,7.79,48.42,mothbeans
11,138,201,21.69,93.14,6.15,113.02,apple
47,55,51,40.15,93.11,6.85,201.58,papaya
18,17,40,21.25,88.04,6.99,103.96,pomegranate
117,41,19,24.12,83.85,6.63,77.88,cotton
30,24,27,31.93,47.59,5.94,95.69,mango
31,135,200,28.4,81.91,5.65,69.29,grapes
29,24,32,31.22,51.42,4.83,99.03,mango
77,32,31,24.86,54.69,6.63,177.17,coffee
103,25,30,25.42,55.34,6.75,164.16,coffee
127,40,22,25.4,81.27,7.19,81.13,cotton
18,54,15,27.77,50.47,7.44,50.15,mothbeans
21,16,30,26.93,96.16,6.24,177.78,coconut
15,17,29,28.51,93.79,5.87,212.38,coconut
9,18,31,28.78,96.47,6.14,143.96,coconut
17,128,200,22.3,94.04,5.81,112.93,apple
21,22,11,27.46,90.17,6.9,114.36,orange
13,24,28,30.92,51.69,5.79,99.34,mango
6,23,32,32.68,51.52,5.34,97.69,mango
26,17,9,22.54,92.22,7.65,105.91,orange
103,86,49,27.41,78.74,5.98,104.82,banana
8,130,198,22.71,91.57,6.07,111.72,apple
31,135,202,23.04,83.73,5.89,72.21,grapes
31,59,22,28.99,66.52,7.26,68.64,blackgram
25,46,20,20.55,22.58,5.67,106.29,kidneybeans
31,133,198,13.72,82.86,6.03,68.97,grapes
117,49,19,23.71,78.54,7.37,77.51,cotton
15,58,19,20.73,64.29,6.38,43.52,lentil
85,86,53,26.76,79.62,6.05,98.14,banana
22,57,17,30.03,51.57,7.68,50.53,mothbeans
0,139,201,22.66,92.45,6.03,110.01,apple
76,43,40,25.81,84.84,6.63,177.18,jute
15,64,21,22.8,66.94,5.83,42.51,lentil
98,24,30,26.27,57.18,7.01,185.38,coffee
18,18,12,22.68,92.68,6.97,114.12,orange
18,59,22,23.0,62.89,6.21,45.11,lentil
32,61,19,29.98,65.23,7.49,67.04,blackgram
100,86,44,26.46,79.35,6.25,96.4,banana
28,51,17,21.68,20.7,5.82,75.45,kidneybeans
14,19,41,24.41,89.62,6.03,105.67,pomegranate
78,40,39,26.31,81.34,7.32,171.14,jute
34,55,51,30.95,91.8,6.59,226.5,papaya
23,62,22,22.66,64.91,6.02,45.01,lentil
10,23,31,28.15,95.38,6.03,204.34,coconut
23,51,20,22.79,23.06,5.64,117.45,kidneybeans
19,49,19,20.3,22.19,5.7,98.81,kidneybeans
31,52,18,30.16,52.03,6.99,58.23,mothbeans
39,56,51,37.08,92.98,6.71,211.91,papaya
27,69,80,19.99,17.23,7.08,41.38,chickpea
89,23,50,25.05,85.93,6.43,45.92,watermelon
29,27,29,33.27,49.5,5.24,94.71,mango
12,22,30,29.98,50.56,5.65,95.02,mango
73,42,20,22.81,57.4,6.19,79.32,maize
92,86,48,26.65,80.83,5.84,105.35,banana
84,41,38,23.87,81.74,5.84,232.1,rice
19,45,19,29.62,54.65,6.51,49.85,mothbeans
22,130,199,22.01,89.81,6.25,108.33,apple
25,55,22,19.4,19.95,5.72,108.9,kidneybeans
22,62,20,24.3,63.73,6.3,47.55,lentil
28,70,80,20.29,17.72,6.93,41.35,chickpea
23,53,23,21.79,21.72,5.83,89.51,kidneybeans
110,46,20,23.86,80.72,6.99,85.11,cotton
33,71,23,28.7,56.84,6.12,140.44,pigeonpeas
35,67,80,20.7,17.22,7.59,40.62,chickpea
30,62,82,19.88,15.69,7.42,39.11,chickpea
88,13,48,28.72,92.31,6.18,25.8,muskmelon
27,132,200,24.24,82.86,6.29,69.15,grapes
23,63,21,23.15,65.75,6.18,45.93,lentil
15,142,199,23.01,93.2,6.05,109.71,apple
25,45,20,28.6,83.18,6.74,51.81,mungbean
29,71,18,25.22,59.19,5.73,151.57,pigeonpeas
37,67,81,18.2,17.05,6.61,38.97,chickpea
129,45,19,24.15,77.8,7.08,81.83,cotton
21,67,79,18.17,17.93,7.69,39.77,chickpea
14,74,20,27.94,66.67,4.96,176.62,pigeonpeas
29,126,202,24.7,82.34,6.15,70.7,grapes
10,134,198,22.36,92.19,6.05,110.2,apple
27,52,19,20.25,20.53,5.92,80.89,kidneybeans
31,62,20,32.53,65.64,6.94,66.25,blackgram
33,58,18,26.99,64.54,6.99,67.79,blackgram
26,76,19,28.04,55.67,6.13,168.33,pigeonpeas
95,25,30,25.59,55.63,6.43,169.59,coffee
17,66,18,20.76,65.63,6.05,45.54,lentil
123,42,18,24.23,80.34,7.67,75.83,cotton
23,22,12,22.49,93.03,6.87,106.92,orange
4,21,41,23.91,90.26,6.77,104.67,pomegranate
19,16,12,27.68,92.59,6.57,105.91,orange
14,127,201,22.66,92.83,5.94,111.34,apple
26,56,21,27.51,62.85,7.04,58.5,mothbeans
103,24,31,24.68,57.68,6.95,139.06,coffee
19,69,21,23.23,61.32,6.6,42.76,lentil
74,43,24,23.09,62.98,6.17,86.11,maize
70,39,19,22.98,58.52,6.36,84.84,maize
7,16,42,21.18,88.88,6.08,104.07,pomegranate
93,20,49,27.51,92.09,6.36,24.48,muskmelon
72,42,21,24.59,63.89,6.25,74.07,maize
26,44,19,27.67,85.84,6.36,46.18,mungbean
89,41,40,25.59,78.95,6.98,168.48,jute
72,40,19,25.37,62.02,6.3,92.25,maize
17,64,21,23.68,63.47,6.27,42.39,lentil
30,66,77,18.87,16.51,7.07,42.89,chickpea
20,41,19,27.82,83.38,6.82,42.05,mungbean
16,17,32,27.91,92.88,5.83,170.01,coconut
19,22,36,27.6,92.53,5.9,190.42,coconut
120,49,20,23.86,81.44,6.77,80.57,cotton
23,56,19,16.87,22.22,5.7,87.16,kidneybeans
29,66,82,19.2,18.74,6.86,39.96,chickpea
31,53,19,29.66,51.6,7.32,46.82,mothbeans
98,19,35,25.38,60.1,6.44,179.96,coffee
35,59,18,28.17,64.89,7.07,69.35,blackgram
109,43,20,25.12,81.55,6.67,82.49,cotton
66,46,20,24.18,63.36,6.36,89.75,maize
21,54,17,27.76,54.99,6.06,48.43,mothbeans
17,64,17,25.29,63.17,6.56,45.27,lentil
23,51,21,20.7,22.07,5.71,72.7,kidneybeans
94,79,50,27.19,82.48,5.79,103.85,banana
93,15,51,25.25,85.3,6.65,45.91,watermelon
32,135,200,27.62,81.83,5.95,70.32,grapes
21,59,20,24.07,65.45,5.97,46.99,lentil
35,62,18,26.52,62.55,6.77,70.95,blackgram
91,47,40,23.8,82.44,5.73,214.69,rice
8,24,39,20.79,87.06,7.08,102.85,pomegranate
30,26,30,33.96,47.61,5.21,92.31,mango
8,16,31,26.81,95.38,5.96,199.33,coconut
121,41,20,23.78,81.47,7.02,77.9,cotton
17,51,17,29.38,43.9,6.78,36.15,mothbeans
22,45,20,28.01,84.99,6.83,46.72,mungbean
22,60,18,20.4,61.29,6.12,44.5,lentil
32,124,200,19.22,82.33,6.16,70.51,grapes
26,70,19,29.86,59.79,5.88,145.84,pigeonpeas
94,85,49,27.79,82.19,6.14,101.02,banana
70,42,20,20.48,60.07,6.55,79.53,maize
116,92,50,27.26,82.27,5.98,97.81,banana
87,17,51,28.77,91.91,6.29,26.09,muskmelon
33,141,199,24.5,82.27,5.67,69.48,grapes
15,63,21,20.61,66.37,6.45,46.59,lentil
89,15,51,25.75,84.69,6.73,49.29,watermelon
97,87,47,27.79,81.75,6.02,99.24,banana
5,128,199,22.5,92.38,5.98,114.2,apple
16,27,31,30.29,52.37,5.87,96.22,mango
27,55,20,29.22,59.33,7.16,52.08,mothbeans
101,86,48,26.74,79.66,6.27,93.06,banana
19,10,11,18.57,92.58,6.82,106.41,orange
21,17,10,22.57,92.4,7.29,112.03,orange
19,132,199,22.97,92.56,5.97,109.39,apple
81,41,40,27.04,83.03,7.11,171.83,jute
17,26,28,32.15,48.73,5.69,96.46,mango
88,44,41,23.48,82.6,6.43,208.1,rice
25,135,200,27.78,84.05,5.64,68.83,grapes
29,63,77,20.75,16.61,7.12,43.46,chickpea
47,58,49,35.84,92.23,6.81,202.83,papaya
76,37,23,22.82,62.26,6.11,88.33,maize
92,15,48,28.09,92.12,6.35,28.61,muskmelon
48,57,50,37.26,94.62,6.89,191.29,papaya
79,42,44,27.44,88.27,6.83,174.29,jute
65,40,18,21.04,65.13,6.01,106.94,maize
11,129,199,22.14,92.1,6.04,116.11,apple
32,72,16,25.48,54.79,5.49,135.55,pigeonpeas
110,24,29,25.46,59.09,6.84,196.48,coffee
7,131,201,22.73,93.63,6.2,111.31,apple
17,7,31,27.47,96.52,6.06,155.36,coconut
18,61,20,24.87,64.34,6.38,45.51,lentil
19,29,30,32.57,51.72,5.91,93.38,mango
85,13,53,28.52,92.3,6.24,25.75,muskmelon
88,45,41,27.22,77.95,7.62,175.36,jute
131,48,19,22.67,76.5,7.38,79.69,cotton
20,22,10,25.34,91.11,7.12,107.55,orange
18,21,40,19.7,92.66,6.53,107.39,pomegranate
32,67,20,30.12,65.32,7.4,62.25,blackgram
88,41,39,22.49,82.54,5.97,218.16,rice
31,51,20,28.56,50.41,5.26,52.15,mothbeans
83,15,51,28.82,91.93,6.36,24.0,muskmelon
88,18,54,25.07,88.4,6.83,49.68,watermelon
16,64,19,23.59,63.28,6.46,43.61,lentil
26,74,20,26.28,51.02,6.73,178.13,pigeonpeas
32,132,200,27.18,81.88,5.94,70.2,grapes
29,50,22,28.87,55.36,8.34,42.59,mothbeans
17,21,42,20.79,88.32,6.58,102.01,pomegranate
68,43,41,24.61,81.5,7.44,190.73,jute
89,19,48,24.9,87.07,6.62,50.22,watermelon
94,23,30,26.1,56.48,6.54,166.48,coffee
65,44,42,27.02,77.87,6.62,179.12,jute
14,134,199,22.15,92.44,6.06,106.52,apple
72,47,43,26.23,78.76,7.2,179.59,jute
28,13,11,29.72,92.5,6.73,110.41,orange
21,19,29,30.48,48.67,5.83,94.73,mango
23,58,20,19.68,21.08,5.73,125.59,kidneybeans
89,15,50,24.8,84.87,6.75,47.96,watermelon
24,77,23,32.79,54.47,6.15,117.19,pigeonpeas
113,42,15,24.27,78.93,7.31,82.6,cotton
13,18,8,15.3,93.11,7.19,111.56,orange
96,16,52,25.59,83.29,6.81,53.3,watermelon
92,16,49,29.48,93.28,6.3,25.95,muskmelon
122,46,19,24.27,79.88,7.06,75.64,cotton
27,56,18,18.65,20.03,5.73,112.0,kidneybeans
27,65,81,20.69,17.65,6.82,38.62,chickpea
28,63,21,33.97,66.38,7.19,66.24,blackgram
11,66,21,20.51,63.99,6.64,47.41,lentil
79,43,36,26.01,83.35,6.86,168.86,jute
15,23,40,21.49,91.46,6.66,107.41,pomegranate
93,20,51,28.17,92.33,6.39,25.92,muskmelon
19,18,29,27.36,92.12,6.06,190.79,coconut
105,82,52,27.09,78.88,6.11,102.98,banana
88,25,53,29.42,92.34,6.16,21.09,muskmelon
104,88,49,26.18,82.12,5.98,105.77,banana
66,39,20,24.07,66.71,6.14,93.99,maize
25,63,22,29.28,66.0,6.26,46.2,lentil
30,132,201,19.1,82.48,6.07,70.06,grapes
106,23,30,24.68,56.97,6.92,171.35,coffee
28,65,77,19.31,17.16,6.74,40.25,chickpea
31,44,16,28.24,84.06,6.78,36.56,mungbean
13,62,20,23.89,64.76,6.26,46.7,lentil
26,62,22,26.35,67.56,7.19,66.35,blackgram
103,82,51,26.51,78.5,5.89,98.75,banana
96,44,40,26.29,79.18,7.39,170.91,jute
26,21,29,32.99,48.73,5.63,97.63,mango
23,51,20,30.36,55.84,7.68,40.56,mothbeans
27,51,20,30.45,48.57,8.5,47.85,mothbeans
92,22,52,26.51,85.41,6.55,44.92,watermelon
26,63,19,29.14,67.21,7.14,67.89,blackgram
30,16,11,26.38,92.26,7.44,100.3,orange
93,16,49,26.01,82.85,6.45,51.1,watermelon
12,137,198,21.59,94.06,5.77,113.27,apple
17,127,196,21.98,93.43,5.93,111.79,apple
92,26,31,24.0,54.7,6.97,178.76,coffee
25,66,20,31.4,64.83,6.86,69.38,blackgram
85,21,48,25.33,87.44,6.27,44.89,watermelon
111,42,21,24.28,79.36,6.97,80.71,cotton
73,44,20,22.66,62.34,6.06,82.66,maize
28,69,20,27.66,64.78,7.09,71.68,blackgram
28,134,200,25.46,82.04,5.91,70.48,grapes
27,64,77,20.21,17.5,6.59,41.1,chickpea
30,139,199,22.03,82.9,5.9,70.25,grapes
29,18,30,26.29,94.04,5.96,166.18,coconut
102,89,48,26.72,78.79,6.05,98.8,banana
20,40,22,28.97,85.81,6.88,43.84,mungbean
37,51,19,28.43,54.15,7.04,58.56,mothbeans
122,40,20,23.58,79.54,7.28,86.06,cotton
24,57,20,18.59,20.74,5.66,93.23,kidneybeans
123,43,20,22.74,79.38,6.65,75.61,cotton
90,13,51,25.27,86.74,6.63,48.35,watermelon
19,18,32,27.41,94.52,5.9,187.18,coconut
32,135,203,21.05,83.08,5.95,71.98,grapes
14,136,201,22.34,93.83,6.26,116.39,apple
42,54,49,37.21,92.24,6.6,199.19,papaya
92,43,39,23.26,82.09,6.02,224.91,rice
94,17,52,25.26,85.45,6.53,49.85,watermelon
98,26,30,26.14,53.7,7.16,175.25,coffee
18,133,200,22.5,93.92,5.83,112.23,apple
37,141,200,22.11,83.08,5.94,68.07,grapes
16,26,31,34.79,51.59,5.73,93.52,mango
5,15,29,28.29,94.49,6.19,157.92,coconut
28,67,18,27.16,64.33,6.28,44.89,lentil
24,42,21,28.65,81.67,6.51,51.37,mungbean
93,14,50,28.33,92.39,6.24,24.31,muskmelon
24,22,30,29.16,93.62,6.04,184.09,coconut
26,14,8,21.86,93.81,7.22,112.35,orange
94,17,49,28.78,92.73,6.54,27.15,muskmelon
22,25,10,25.39,91.69,7.26,108.25,orange
19,72,19,18.2,61.84,6.54,138.1,pigeonpeas
31,127,203,22.37,92.53,5.82,109.29,apple
30,66,79,20.27,17.21,7.31,39.38,chickpea
31,62,19,31.43,65.92,6.96,70.21,blackgram
103,30,32,24.8,59.08,6.58,175.04,coffee
35,56,18,17.8,22.06,5.8,113.23,kidneybeans
20,12,28,25.65,95.73,6.14,194.06,coconut
31,64,81,19.7,17.64,7.66,38.32,chickpea
28,51,20,27.97,49.21,6.74,48.56,mothbeans
23,52,18,28.46,49.12,5.54,51.72,mothbeans
31,135,198,23.09,81.99,5.92,71.57,grapes
33,66,82,20.67,17.38,6.39,39.65,chickpea
13,15,12,19.74,92.65,7.08,114.33,orange
19,62,21,22.23,65.22,6.15,42.8,lentil
32,58,20,28.65,66.38,7.18,62.31,blackgram
105,84,49,26.68,79.93,6.22,93.55,banana
29,13,31,28.18,93.04,6.33,183.86,coconut
28,17,12,27.54,92.86,7.17,111.41,orange
86,42,40,24.1,83.09,5.91,197.1,rice
15,42,16,29.18,83.19,6.91,51.44,mungbean
9,20,31,26.62,93.12,6.0,185.83,coconut
29,131,200,26.46,80.93,5.74,68.94,grapes
17,46,21,28.39,50.36,7.01,49.6,mothbeans
23,22,30,28.9,98.1,6.09,163.46,coconut
17,52,19,24.04,22.01,5.64,96.53,kidneybeans
28,17,29,27.21,95.79,6.06,184.85,coconut
33,54,19,28.44,51.83,7.11,59.67,mothbeans
100,84,47,27.31,83.29,6.08,102.03,banana
11,19,12,24.12,93.17,7.36,114.12,orange
95,20,49,25.03,86.12,6.46,43.58,watermelon
104,28,30,25.15,56.63,6.76,172.5,coffee
33,63,21,27.36,65.08,7.08,69.32,blackgram
93,21,48,28.27,93.19,6.41,23.21,muskmelon
99,25,27,26.06,57.95,7.0,170.0,coffee
94,18,49,29.02,92.6,6.3,26.92,muskmelon
13,135,199,22.96,93.51,5.89,115.81,apple
96,80,48,27.66,80.42,5.98,98.3,banana
75,41,19,22.08,59.14,6.02,76.63,maize
90,19,50,29.09,92.79,6.39,26.74,muskmelon
30,61,23,31.73,63.77,6.78,66.54,blackgram
12,130,197,23.0,93.56,5.95,111.26,apple
32,63,19,29.14,63.0,7.3,67.53,blackgram
26,53,20,26.07,53.17,9.15,47.6,mothbeans
91,16,52,24.95,85.54,6.24,50.68,watermelon
95,94,51,27.73,80.82,5.73,101.32,banana
89,18,48,26.42,86.98,6.47,48.65,watermelon
28,58,18,29.97,57.28,5.7,56.71,mothbeans
87,38,39,23.52,83.9,6.22,212.44,rice
33,15,28,26.05,96.11,5.94,175.77,coconut
18,27,28,31.71,50.52,5.13,96.01,mango
33,133,199,32.95,81.87,5.64,70.76,grapes
26,15,41,20.55,89.39,6.67,105.87,pomegranate
18,50,21,18.42,22.04,5.64,117.72,kidneybeans
29,127,199,24.95,82.55,6.32,70.14,grapes
71,40,43,25.89,86.4,6.59,166.22,jute
93,40,40,22.94,82.9,6.22,227.1,rice
116,41,21,24.64,79.84,6.87,83.1,cotton
28,42,22,28.26,86.59,6.69,44.97,mungbean
28,60,20,28.02,66.54,6.98,67.06,blackgram
24,57,25,21.01,21.29,5.79,118.31,kidneybeans
90,42,38,22.66,82.12,6.38,219.01,rice
31,134,199,26.16,81.73,6.21,68.94,grapes
12,130,200,21.92,93.73,5.78,118.11,apple
25,25,43,21.21,86.16,6.23,104.29,pomegranate
31,73,20,28.07,52.13,6.02,105.54,pigeonpeas
67,41,22,24.14,64.02,5.98,82.36,maize
75,40,18,19.27,60.9,5.92,98.68,maize
24,130,199,21.76,90.59,5.82,105.96,apple
26,76,21,24.78,56.52,5.77,132.27,pigeonpeas
18,18,32,28.04,95.55,6.12,177.44,coconut
27,76,21,26.22,62.57,6.44,155.52,pigeonpeas
46,54,51,34.86,92.55,6.88,211.04,papaya
48,56,48,32.78,91.99,6.71,178.27,papaya
33,60,79,19.23,16.72,7.41,39.68,chickpea
30,15,10,19.99,93.2,6.82,109.67,orange
95,44,40,23.83,81.56,6.68,216.51,rice
15,19,11,23.57,93.84,7.15,113.05,orange
18,56,20,23.35,65.65,6.21,44.47,lentil
27,24,29,33.2,52.66,6.02,93.91,mango
108,84,49,27.32,78.23,6.17,96.48,banana
114,76,50,28.15,80.2,6.13,100.33,banana
74,36,40,27.55,77.96,7.71,172.86,jute
26,132,199,16.28,81.92,5.97,69.81,grapes
51,54,48,28.35,91.48,6.82,194.66,papaya
24,136,200,23.33,92.35,6.1,115.85,apple
35,131,203,29.46,82.37,5.7,69.97,grapes
88,15,47,25.51,84.91,6.61,50.23,watermelon
129,43,17,24.24,78.84,7.22,84.64,cotton
28,57,22,20.14,20.56,5.68,112.84,kidneybeans
93,26,52,26.59,83.46,6.36,46.04,watermelon
21,76,22,28.15,54.57,6.29,132.04,pigeonpeas
16,61,21,21.61,62.51,5.72,46.2,lentil
88,15,50,27.76,92.57,6.57,25.23,muskmelon
102,84,51,27.29,81.39,6.21,100.26,banana
18,58,20,24.07,65.27,6.59,44.61,lentil
17,137,200,22.24,93.17,5.86,112.9,apple
22,55,19,17.32,23.54,5.87,85.62,kidneybeans
18,23,31,30.63,50.67,5.2,94.6,mango
75,42,20,21.63,59.96,6.09,74.8,maize
27,12,8,23.92,91.9,8.13,111.72,orange
29,25,28,30.77,47.52,5.28,95.65,mango
23,14,28,27.44,93.14,6.13,193.58,coconut
93,46,41,25.69,81.86,5.88,194.25,rice
12,19,8,25.41,93.02,6.45,115.17,orange
100,21,28,25.51,56.49,6.42,153.06,coffee
126,47,22,24.29,81.51,6.58,85.18,cotton
27,73,21,27.13,59.26,5.52,132.59,pigeonpeas
30,61,19,28.58,64.1,7.13,66.95,blackgram
87,21,52,28.01,92.09,6.33,29.39,muskmelon
29,47,19,29.04,81.38,6.5,43.51,mungbean
89,26,29,24.49,55.41,6.89,182.59,coffee
97,40,39,22.8,80.73,6.04,206.14,rice
90,19,50,28.73,92.86,6.16,26.06,muskmelon
37,62,48,33.41,92.72,6.73,195.17,papaya
47,52,49,37.47,92.43,6.77,194.89,papaya
18,39,21,28.39,85.63,6.82,48.61,mungbean
32,132,200,23.86,83.06,5.74,69.39,grapes
31,26,29,29.62,50.66,5.7,97.62,mango
29,44,21,28.5,85.69,6.97,46.31,mungbean
31,68,82,19.9,17.33,6.56,38.62,chickpea
71,43,18,20.88,65.13,6.24,90.68,maize
27,32,31,31.22,51.72,6.36,94.2,mango
14,13,42,20.7,91.94,6.86,102.86,pomegranate
20,14,34,27.36,96.44,5.74,171.17,coconut
22,17,30,31.19,47.73,5.36,96.35,mango
67,48,18,22.96,64.08,6.35,83.46,maize
16,19,31,28.08,95.19,6.0,169.4,coconut
26,53,18,27.47,59.99,5.95,61.04,mothbeans
100,87,50,27.87,79.88,5.97,101.97,banana
26,21,27,28.6,94.64,6.07,165.59,coconut
87,41,40,22.91,81.21,6.16,202.61,rice
22,71,18,29.97,54.14,6.18,134.54,pigeonpeas
88,24,30,25.44,57.59,6.78,145.85,coffee
34,65,79,19.84,16.88,6.66,39.76,chickpea
22,21,30,29.73,93.59,6.29,178.98,coconut
26,69,21,26.06,48.64,5.57,137.42,pigeonpeas
42,52,51,30.07,93.61,6.81,200.34,papaya
92,17,51,28.7,92.14,6.38,24.75,muskmelon
22,40,21,28.1,83.42,6.46,45.49,mungbean
89,41,40,26.2,80.94,6.3,196.18,rice
106,26,31,26.56,57.13,6.47,183.01,coffee
26,60,21,30.03,64.77,6.93,66.74,blackgram
30,20,40,22.47,88.95,6.79,100.49,pomegranate
30,130,200,23.59,93.7,5.72,114.11,apple
89,11,50,25.81,88.01,6.3,48.58,watermelon
33,67,81,19.45,16.82,7.0,39.72,chickpea
88,9,51,25.54,85.93,6.46,48.57,watermelon
104,85,52,27.44,78.63,5.83,102.73,banana
99,24,31,25.23,62.05,6.8,166.8,coffee
97,25,30,26.71,54.69,6.59,150.84,coffee
27,50,19,20.77,22.41,5.73,96.04,kidneybeans
34,53,19,26.62,51.41,6.39,56.4,mothbeans
84,20,51,25.0,82.45,6.76,54.71,watermelon
29,60,18,29.38,66.07,7.15,66.26,blackgram
94,82,51,26.7,78.58,5.89,102.33,banana
116,40,21,24.61,81.56,7.18,79.11,cotton
19,55,22,16.92,20.42,5.63,95.25,kidneybeans
67,42,17,23.1,64.12,6.13,98.12,maize
88,12,49,28.38,92.72,6.43,23.62,muskmelon
26,18,12,23.89,91.26,7.48,106.84,orange
22,26,36,21.98,93.56,6.59,107.75,pomegranate
71,45,20,22.11,62.01,6.23,84.69,maize
95,21,52,28.68,91.57,6.39,26.62,muskmelon
33,133,199,35.74,82.42,6.19,69.33,grapes
45,58,51,34.45,91.59,6.63,201.78,papaya
90,12,49,29.2,92.77,6.4,28.16,muskmelon
14,16,10,21.6,93.25,7.07,113.03,orange
93,16,50,28.43,91.85,6.34,24.55,muskmelon
83,42,39,27.26,82.8,6.26,169.56,jute
28,135,203,21.23,81.11,5.67,69.75,grapes
84,45,42,26.02,76.85,6.98,167.73,jute
58,43,39,25.35,81.05,7.39,171.03,jute
98,28,30,25.41,56.31,6.79,179.96,coffee
119,41,20,24.04,79.96,7.05,77.13,cotton
30,19,40,23.0,89.78,6.06,108.57,pomegranate
116,45,18,23.35,79.91,6.62,74.1,cotton
22,52,17,20.86,22.17,5.74,121.87,kidneybeans
28,17,9,20.34,92.3,6.86,111.85,orange
102,21,30,24.9,58.39,6.83,174.81,coffee
28,55,18,21.04,23.05,5.78,121.36,kidneybeans
24,130,199,24.61,81.97,6.12,69.52,grapes
30,136,204,18.0,82.41,5.8,72.65,grapes
32,67,82,20.41,17.3,7.34,43.17,chickpea
17,23,33,30.33,51.23,5.52,94.23,mango
23,18,40,19.86,89.82,6.87,106.14,pomegranate
57,52,52,32.56,91.59,6.76,210.82,papaya
13,56,18,19.56,21.0,5.8,81.03,kidneybeans
104,22,27,25.96,61.86,6.5,182.22,coffee
26,21,41,21.31,92.0,6.5,105.1,pomegranate
23,47,19,28.89,85.59,6.91,44.72,mungbean
42,50,49,32.79,90.53,6.73,215.41,papaya
28,51,20,20.1,22.49,5.56,95.9,kidneybeans
25,54,19,28.92,53.8,4.7,63.44,mothbeans
23,23,30,26.34,96.09,6.24,194.97,coconut
21,58,23,23.67,66.16,6.04,45.51,lentil
11,17,41,20.64,89.5,5.96,105.31,pomegranate
20,24,31,30.91,52.65,6.36,93.51,mango
14,63,18,27.42,65.87,6.15,43.76,lentil
26,67,21,27.66,64.26,7.02,71.76,blackgram
107,88,53,26.69,77.86,5.92,100.7,banana
87,18,51,26.1,82.52,6.46,51.49,watermelon
111,80,52,27.45,77.14,6.45,99.79,banana
91,24,51,26.42,85.9,6.68,48.92,watermelon
21,20,9,21.17,92.79,7.11,111.69,orange
68,45,21,25.27,63.96,6.16,89.92,maize
18,65,20,23.05,62.83,6.03,42.26,lentil
92,88,51,27.7,80.54,6.02,94.25,banana
26,52,20,20.04,19.26,5.75,94.65,kidneybeans
48,56,49,31.69,91.3,6.68,232.7,papaya
13,44,20,29.1,83.17,6.17,48.66,mungbean
25,16,30,27.84,91.86,6.1,155.71,coconut
123,41,20,23.39,82.53,6.32,88.22,cotton
16,20,42,25.58,87.93,6.65,103.82,pomegranate
40,52,50,34.29,93.79,6.78,154.87,papaya
73,44,18,22.43,62.49,5.96,97.53,maize
130,43,19,24.53,80.94,6.91,81.78,cotton
23,139,201,22.15,91.15,5.81,112.81,apple
34,132,199,29.78,83.49,5.81,67.99,grapes
102,20,32,26.19,58.7,7.09,174.52,coffee
90,28,30,26.15,55.91,6.91,178.44,coffee
90,14,50,25.5,82.71,6.42,51.29,watermelon
66,46,41,27.21,76.41,7.25,177.29,jute
30,63,16,28.0,66.48,7.05,67.13,blackgram
15,20,29,33.13,49.96,6.01,97.77,mango
121,38,19,23.8,80.35,6.75,73.08,cotton
91,46,40,25.33,80.32,6.33,216.02,rice
27,15,8,21.77,91.69,7.19,106.13,orange
33,133,201,22.82,83.39,6.05,68.87,grapes
27,63,19,31.1,66.71,7.1,71.55,blackgram
22,43,19,28.3,83.86,6.46,48.11,mungbean
84,22,47,25.62,86.48,6.26,46.92,watermelon
74,43,20,20.46,64.37,6.41,103.03,maize
12,62,22,22.21,64.35,6.21,40.17,lentil
24,56,18,21.13,22.89,5.6,109.79,kidneybeans
34,134,198,12.4,82.62,5.96,68.37,grapes
90,42,38,23.01,82.21,5.98,213.12,rice
18,23,10,19.12,94.31,6.39,107.54,orange
28,67,82,20.09,18.73,6.43,39.68,chickpea
29,139,202,19.44,81.53,6.21,68.11,grapes
91,18,50,27.96,92.06,6.4,24.68,muskmelon
14,135,200,22.31,91.82,5.87,113.83,apple
16,60,22,26.04,64.39,6.46,45.57,lentil
24,53,21,29.36,48.39,6.44,57.97,mothbeans
23,53,19,27.51,50.06,6.23,52.4,mothbeans
69,42,18,21.84,60.29,6.21,99.26,maize
29,58,81,18.76,17.55,7.14,42.27,chickpea
22,19,39,21.89,89.09,7.11,102.88,pomegranate
90,15,48,25.07,85.33,6.55,50.5,watermelon
13,19,11,19.92,93.77,6.9,115.1,orange
18,57,21,29.77,50.57,6.59,40.45,mothbeans
72,43,21,22.38,62.7,5.75,92.64,maize
30,75,22,24.79,54.23,5.18,137.8,pigeonpeas
10,17,38,22.66,88.84,6.54,104.37,pomegranate
34,74,20,23.59,59.1,5.52,174.86,pigeonpeas
31,133,202,29.86,81.42,5.8,70.96,grapes
26,50,18,27.64,57.47,7.78,51.62,mothbeans
28,57,21,18.53,23.82,5.71,99.97,kidneybeans
29,60,20,28.96,49.42,6.95,53.07,mothbeans
78,43,43,25.28,80.68,7.15,179.33,jute
15,134,200,22.41,93.03,5.83,115.04,apple
121,43,18,22.77,78.63,7.43,82.23,cotton
21,60,20,21.07,62.05,6.34,44.36,lentil
93,29,30,25.53,53.74,7.0,176.27,coffee
103,80,51,26.63,80.02,5.98,95.76,banana
35,141,200,27.55,82.67,6.09,69.8,grapes
17,42,20,28.81,85.08,6.8,50.43,mungbean
47,60,51,39.42,91.63,6.78,202.59,papaya
67,42,23,23.46,61.07,6.39,96.66,maize
100,26,32,25.89,58.0,6.51,176.71,coffee
89,21,50,25.85,82.04,5.92,50.95,watermelon
10,72,17,29.92,57.59,6.23,172.89,pigeonpeas
31,65,17,30.68,64.54,7.02,68.65,blackgram
17,41,21,28.4,84.23,6.71,40.23,mungbean
28,57,80,21.42,18.27,7.48,42.06,chickpea
21,75,19,26.17,52.88,6.87,139.11,pigeonpeas
90,44,41,23.76,81.84,6.25,236.96,rice
93,25,29,26.38,56.19,6.74,175.07,coffee
100,24,31,24.62,58.48,6.54,164.89,coffee
71,41,20,24.11,59.93,6.28,79.17,maize
16,14,9,17.54,91.85,7.65,112.45,orange
90,14,48,28.85,93.2,6.48,27.53,muskmelon
23,132,202,22.99,92.84,6.01,115.24,apple
42,53,50,33.12,92.27,6.86,225.63,papaya
30,63,18,29.63,66.02,6.74,68.0,blackgram
87,25,51,25.55,84.58,6.55,50.93,watermelon
28,65,80,19.19,17.85,6.76,39.98,chickpea
2,18,9,18.75,92.04,6.81,109.84,orange
18,16,39,23.02,90.23,6.32,105.85,pomegranate
45,56,50,28.89,92.93,6.91,206.82,papaya
18,129,199,21.74,92.96,5.99,105.39,apple
19,56,21,19.26,20.94,5.77,111.95,kidneybeans
22,49,19,21.48,22.17,5.79,105.75,kidneybeans
92,23,51,25.55,83.36,6.59,57.19,watermelon
81,42,43,25.4,85.92,7.01,159.7,jute
20,24,30,29.78,49.68,6.06,96.07,mango
18,19,42,22.99,89.71,6.87,105.6,pomegranate
30,62,21,28.98,64.9,7.2,68.35,blackgram
115,44,22,24.14,78.66,7.07,77.32,cotton
24,56,21,17.49,22.73,5.67,99.24,kidneybeans
14,24,26,27.38,96.26,5.98,173.25,coconut
87,41,42,23.88,82.06,6.26,216.13,rice
20,63,20,25.84,66.7,6.1,43.97,lentil
72,43,22,22.69,61.43,6.28,89.53,maize
30,65,80,19.35,17.64,7.22,38.18,chickpea
87,23,50,28.83,91.25,6.56,27.17,muskmelon
23,21,9,25.49,93.44,6.97,116.67,orange
26,20,40,21.28,92.02,6.09,106.01,pomegranate
31,67,77,20.9,17.1,7.07,42.69,chickpea
26,60,21,23.83,67.1,6.35,44.61,lentil
68,47,20,20.35,62.82,6.08,92.01,maize
26,49,21,20.02,20.39,5.72,115.29,kidneybeans
29,20,31,28.01,93.9,5.99,164.96,coconut
82,20,53,28.56,91.64,6.33,27.95,muskmelon
92,18,51,25.1,87.6,6.67,45.52,watermelon
32,49,21,27.64,46.6,6.99,56.73,mothbeans
68,41,17,21.82,56.44,5.85,91.34,maize
72,45,21,23.19,62.32,5.83,88.58,maize
37,52,20,29.66,59.6,4.98,38.09,mothbeans
25,63,81,18.75,17.74,6.32,40.78,chickpea
33,62,18,31.24,64.66,7.01,71.52,blackgram
82,46,40,27.07,82.64,7.78,176.21,jute
51,51,51,30.52,92.59,6.81,189.01,papaya
18,54,18,21.11,22.04,5.61,94.84,kidneybeans
94,18,51,28.5,93.38,6.45,25.02,muskmelon
16,18,9,21.67,92.57,7.01,112.54,orange
33,60,19,29.24,62.01,6.94,69.33,blackgram
22,63,17,22.28,66.12,6.29,46.97,lentil
64,44,21,21.64,56.02,6.11,88.27,maize
18,50,20,28.41,50.09,6.23,54.64,mothbeans
22,20,39,19.11,90.62,6.99,104.01,pomegranate
13,50,23,27.82,47.61,6.54,63.79,mothbeans
89,14,50,25.59,85.65,6.33,44.66,watermelon
92,17,51,25.61,86.87,6.61,50.64,watermelon
20,41,21,28.67,83.5,6.62,51.98,mungbean
89,43,38,22.86,82.59,5.9,219.38,rice
85,20,50,28.28,92.47,6.41,26.49,muskmelon
28,72,19,29.0,57.4,5.54,169.85,pigeonpeas
86,43,37,21.95,82.66,6.31,217.0,rice
100,24,31,26.0,53.35,6.77,194.36,coffee
27,52,19,29.71,46.57,5.7,47.35,mothbeans
32,72,80,19.27,17.35,7.69,38.92,chickpea
119,85,51,25.81,82.5,6.13,98.39,banana
25,52,20,28.75,48.36,5.65,40.74,mothbeans
30,71,78,19.32,17.93,7.09,40.58,chickpea
17,64,22,23.37,64.6,6.62,45.84,lentil
89,19,51,25.8,84.45,6.55,51.6,watermelon
28,21,31,31.48,49.44,6.12,96.47,mango
89,43,41,28.07,77.92,6.89,175.13,jute
35,57,48,33.97,92.24,6.81,203.8,papaya
22,65,17,26.16,65.06,6.52,44.88,lentil
52,56,47,35.85,91.53,6.87,186.29,papaya
91,18,50,25.9,87.05,6.25,48.01,watermelon
28,65,84,18.5,17.71,7.23,41.81,chickpea
21,45,21,27.73,84.1,6.76,50.99,mungbean
91,20,51,27.98,93.04,6.46,23.22,muskmelon
20,54,23,19.68,22.34,5.64,90.65,kidneybeans
21,46,19,28.1,85.13,6.81,46.91,mungbean
47,60,50,32.51,92.94,6.6,196.05,papaya
16,73,17,26.31,50.44,6.99,161.71,pigeonpeas
22,53,20,29.06,51.38,4.76,47.11,mothbeans
102,23,30,26.27,60.17,6.46,154.69,coffee
27,44,20,28.34,85.99,6.81,48.78,mungbean
95,19,52,25.8,81.93,6.72,50.45,watermelon
32,130,203,21.15,83.45,6.03,70.42,grapes
30,61,75,20.44,18.25,5.82,38.32,chickpea
90,22,48,25.77,82.21,6.36,45.96,watermelon
21,25,28,32.34,51.05,6.03,96.58,mango
19,15,9,23.12,92.59,6.85,109.09,orange
18,23,10,19.56,93.07,6.9,112.07,orange
88,43,40,23.24,83.01,6.31,208.81,rice
89,41,39,22.55,82.44,6.22,218.23,rice
23,123,200,26.23,81.56,5.82,70.94,grapes
73,41,22,22.8,67.69,6.08,99.47,maize
31,51,19,26.2,52.93,8.96,51.85,mothbeans
24,63,19,22.1,64.43,6.0,45.08,lentil
121,42,16,24.01,80.5,6.71,72.3,cotton
88,42,38,22.98,82.81,6.31,204.24,rice
27,132,199,22.13,92.45,5.99,113.36,apple
14,25,10,18.99,92.2,6.57,114.78,orange
29,126,201,31.36,82.73,5.86,70.07,grapes
29,73,17,24.23,54.75,5.96,181.16,pigeonpeas
19,16,30,28.03,93.14,5.86,190.83,coconut
96,16,30,25.26,56.88,6.88,178.76,coffee
25,23,10,25.51,91.93,7.1,114.43,orange
16,10,9,18.45,92.69,6.78,113.71,orange
21,52,22,21.53,20.05,5.75,94.36,kidneybeans
128,42,19,23.48,79.19,6.15,75.17,cotton
90,21,49,25.91,81.01,6.33,53.26,watermelon
105,82,50,27.46,76.56,6.35,99.06,banana
116,84,48,26.73,80.02,6.09,98.03,banana
90,10,48,28.95,90.22,6.56,25.87,muskmelon
16,20,13,26.98,92.43,7.23,111.93,orange
29,127,201,21.76,80.7,5.94,71.64,grapes
36,42,18,28.62,83.66,6.95,46.32,mungbean
27,58,17,16.87,23.68,5.78,91.98,kidneybeans
34,131,202,26.04,82.87,6.07,67.33,grapes
88,45,38,24.12,83.7,5.61,205.7,rice
85,41,41,23.75,81.46,6.19,219.5,rice
47,55,49,32.18,92.56,6.95,205.02,papaya
25,53,20,29.89,52.15,5.54,47.38,mothbeans
30,63,22,30.56,67.46,6.83,67.84,blackgram
91,43,43,24.61,82.02,5.96,220.74,rice
29,44,20,28.69,85.54,6.91,52.9,mungbean
26,51,20,18.34,18.51,5.73,141.19,kidneybeans
27,61,22,30.02,62.94,7.21,69.33,blackgram
22,43,17,28.23,83.18,6.72,51.64,mungbean
84,43,39,22.71,83.01,6.37,225.86,rice
14,60,21,27.43,64.84,6.33,46.59,lentil
94,83,48,26.45,77.85,5.85,104.73,banana
25,49,22,20.44,21.07,5.76,78.36,kidneybeans
92,42,39,23.59,81.94,6.36,213.28,rice
46,51,53,32.27,93.05,6.81,197.67,papaya
68,43,21,21.41,62.97,6.06,79.9,maize
25,51,20,20.49,21.23,5.68,94.64,kidneybeans
92,88,50,27.88,79.97,5.86,99.29,banana
27,63,81,20.55,17.3,6.82,39.35,chickpea
39,63,80,21.54,19.17,8.03,42.01,chickpea
18,28,30,32.15,49.81,5.73,94.37,mango
96,17,50,28.47,91.82,6.62,24.12,muskmelon
90,13,48,25.0,83.79,6.56,47.35,watermelon
31,62,21,29.89,62.58,7.01,70.12,blackgram
102,84,49,26.51,79.64,5.42,97.66,banana
78,42,42,27.03,78.61,6.96,172.34,jute
95,22,27,25.56,56.08,6.99,155.53,coffee
22,9,27,28.18,93.68,5.84,201.18,coconut
123,46,20,24.1,80.03,7.55,77.54,cotton
21,53,21,29.89,47.26,7.54,53.94,mothbeans
36,69,79,21.28,17.56,7.43,40.81,chickpea
28,42,18,29.03,84.02,6.54,46.76,mungbean
41,52,50,38.29,92.5,6.71,174.57,papaya
21,47,20,29.43,51.99,6.25,48.94,mothbeans
115,42,20,23.34,79.31,6.94,80.31,cotton
29,42,22,27.81,85.87,7.01,49.25,mungbean
88,17,52,28.93,92.69,6.28,23.4,muskmelon
84,87,52,25.94,80.29,6.08,99.76,banana
24,131,200,23.14,93.58,5.95,109.87,apple
97,47,40,24.63,83.04,6.45,203.74,rice
90,14,51,28.48,92.08,6.55,22.92,muskmelon
89,42,36,23.44,82.31,6.3,236.57,rice
22,41,21,28.42,83.93,6.98,43.93,mungbean
86,18,51,24.92,86.84,6.44,54.19,watermelon
124,45,20,24.65,76.6,6.51,81.09,cotton
30,66,81,20.65,17.96,7.04,39.67,chickpea
82,16,53,25.26,84.18,6.45,46.26,watermelon
21,52,21,20.14,18.91,5.73,92.23,kidneybeans
96,14,52,25.46,84.78,6.24,49.05,watermelon
20,15,30,25.55,95.14,5.98,174.4,coconut
21,60,19,24.21,61.14,6.67,45.74,lentil
29,127,200,20.74,83.05,6.37,68.69,grapes
21,14,10,22.16,92.37,6.76,107.87,orange
72,41,21,23.96,64.05,5.86,78.94,maize
91,41,41,23.86,83.18,6.29,205.33,rice
76,41,20,22.48,65.47,6.88,80.58,maize
29,64,81,20.82,18.22,6.71,39.72,chickpea
92,41,40,23.51,82.58,5.98,215.29,rice
16,52,20,28.04,47.57,6.32,51.8,mothbeans
92,43,45,24.81,82.39,5.94,196.26,rice
89,23,52,25.68,82.49,6.49,48.03,watermelon
24,13,32,28.69,93.42,6.03,190.7,coconut
69,44,22,21.32,59.17,5.79,89.23,maize
71,44,22,22.79,64.27,6.23,97.0,maize
21,60,21,22.14,63.11,6.16,44.02,lentil
29,62,18,26.74,63.89,7.03,64.13,blackgram
74,39,19,23.07,66.41,6.23,80.37,maize
91,48,41,23.12,83.5,6.06,191.22,rice
79,41,38,27.9,84.88,7.39,179.1,jute
29,15,30,27.65,95.43,6.0,183.17,coconut
21,53,22,29.18,50.78,7.03,48.4,mothbeans
16,18,31,26.4,99.14,6.0,182.37,coconut
20,18,40,21.71,88.64,6.01,108.01,pomegranate
73,41,24,23.97,61.69,5.63,104.09,maize
26,61,82,21.71,17.41,6.92,40.12,chickpea
87,16,48,25.28,84.32,6.52,44.62,watermelon
27,72,20,28.6,48.64,6.66,146.33,pigeonpeas
92,12,52,24.57,83.86,6.48,51.37,watermelon
19,59,22,22.33,64.9,6.36,45.33,lentil
86,16,47,28.17,91.69,6.48,23.88,muskmelon
94,44,38,22.89,82.91,5.89,223.32,rice
88,24,30,26.12,52.32,6.76,175.14,coffee
22,68,18,23.32,65.39,6.45,44.07,lentil
26,63,17,29.85,65.03,7.13,69.93,blackgram
92,12,53,28.11,92.31,6.44,24.06,muskmelon
70,45,20,22.73,61.59,6.24,87.57,maize
20,72,21,26.94,53.04,6.11,158.1,pigeonpeas
90,44,37,24.13,81.95,6.27,206.1,rice
22,53,21,26.61,53.75,7.76,47.23,mothbeans
92,13,50,28.33,92.71,6.25,27.09,muskmelon
90,14,50,27.88,91.71,6.49,23.31,muskmelon
28,135,200,24.17,82.49,5.84,67.5,grapes
15,25,42,20.96,88.95,5.63,102.53,pomegranate
87,20,50,24.24,85.71,6.57,50.07,watermelon
81,46,40,25.13,79.58,6.72,179.95,jute
129,40,22,25.08,76.75,6.93,77.34,cotton
121,39,18,25.37,80.77,6.63,82.79,cotton
27,61,19,28.66,64.42,7.13,64.87,blackgram
15,13,38,21.52,88.11,6.48,103.21,pomegranate
25,55,19,20.21,23.78,5.71,89.12,kidneybeans
31,64,82,21.19,19.66,7.29,40.54,chickpea
42,58,51,33.32,91.54,6.79,183.03,papaya
29,61,80,19.69,18.15,7.66,42.33,chickpea
84,22,52,25.92,85.62,6.54,53.44,watermelon
95,22,51,29.45,91.69,6.65,23.39,muskmelon
74,41,22,25.95,61.59,6.14,97.11,maize
99,31,32,26.3,59.39,6.43,176.63,coffee
28,44,21,28.54,84.94,7.1,52.43,mungbean
34,62,80,20.98,17.92,7.09,41.67,chickpea
39,56,49,33.65,93.84,6.69,201.0,papaya
101,25,27,25.8,60.39,7.04,176.68,coffee
91,42,39,22.86,82.47,6.03,206.68,rice
95,22,48,28.61,93.11,6.48,23.95,muskmelon
91,43,39,26.0,83.03,5.71,217.18,rice
83,42,41,25.94,77.27,7.05,188.74,jute
120,43,20,23.81,78.26,6.93,74.74,cotton
30,70,21,25.74,57.82,4.94,143.18,pigeonpeas
30,62,20,29.15,61.49,7.34,67.89,blackgram
89,22,51,28.48,92.71,6.42,22.47,muskmelon
23,22,30,27.9,94.73,6.11,153.71,coconut
92,42,41,25.28,82.3,6.1,233.42,rice
28,22,12,23.38,91.94,6.54,109.87,orange
20,23,29,32.0,47.78,5.65,95.56,mango
14,33,28,29.55,52.19,6.05,93.29,mango
85,21,53,28.28,91.55,6.07,23.37,muskmelon
93,37,40,24.4,81.27,6.4,218.95,rice
29,130,202,23.41,93.51,6.02,111.12,apple
20,44,20,28.98,83.68,6.71,41.81,mungbean
39,63,48,37.48,92.86,6.65,197.93,papaya
97,86,51,27.47,81.96,6.07,95.41,banana
28,63,20,30.25,62.65,7.13,68.1,blackgram
90,22,49,29.0,91.85,6.29,26.36,muskmelon
19,142,198,23.14,93.05,5.92,119.29,apple
17,18,31,26.55,96.35,6.11,205.97,coconut
48,53,50,31.96,92.62,6.88,216.14,papaya
30,72,17,23.88,60.21,5.86,140.54,pigeonpeas
92,42,35,26.26,80.45,6.13,186.12,jute
25,139,200,22.4,90.85,6.0,112.8,apple
16,133,199,21.97,91.52,6.26,116.2,apple
68,41,20,21.03,63.52,5.82,93.58,maize
32,40,21,28.36,84.74,6.67,43.98,mungbean
23,134,200,22.97,91.95,5.9,112.45,apple
22,68,20,25.18,64.82,6.74,42.09,lentil
26,133,197,29.16,83.23,6.05,68.13,grapes
95,43,43,21.89,81.08,6.14,219.48,rice
88,17,52,25.19,86.33,6.5,49.41,watermelon
25,63,21,26.45,65.56,6.1,46.63,lentil
16,131,201,21.54,93.98,6.08,112.32,apple
32,132,199,18.25,83.68,6.1,68.82,grapes
28,57,81,20.74,17.27,7.03,40.86,chickpea
71,41,19,22.02,63.56,6.38,80.22,maize
101,90,48,27.26,78.66,5.92,97.32,banana
18,52,20,21.0,22.28,5.69,106.23,kidneybeans
31,20,7,29.02,93.81,7.01,114.41,orange
15,32,31,30.25,52.75,6.62,94.94,mango
104,22,29,25.69,55.76,6.86,148.39,coffee
44,51,49,36.78,93.07,6.73,211.39,papaya
24,136,203,26.96,81.59,5.98,68.14,grapes
28,133,200,16.98,80.99,6.05,70.23,grapes
21,14,29,27.32,94.15,6.31,186.3,coconut
114,43,20,25.11,80.83,6.23,71.57,cotton
86,45,42,23.42,83.34,6.23,207.47,rice
22,74,21,24.5,52.63,5.94,128.56,pigeonpeas
29,65,20,30.84,64.47,6.83,67.19,blackgram
25,64,79,20.32,18.62,6.06,40.19,chickpea
21,62,20,21.58,67.65,6.47,46.61,lentil
29,57,20,21.69,23.07,5.69,97.72,kidneybeans
11,137,199,22.43,91.39,6.0,111.13,apple
34,15,37,19.75,91.5,6.87,104.15,pomegranate
24,18,40,21.13,90.22,5.71,101.95,pomegranate
73,43,41,27.02,77.12,6.2,177.89,jute
86,19,48,28.07,92.27,6.26,24.21,muskmelon
20,74,22,28.47,55.95,5.51,129.47,pigeonpeas
81,40,40,26.1,78.57,7.67,171.33,jute
78,41,36,26.95,81.81,7.53,168.43,jute
31,30,31,31.12,44.6,5.87,95.0,mango
17,20,42,21.16,91.79,6.98,107.39,pomegranate
25,54,19,29.92,48.85,8.6,38.35,mothbeans
27,64,23,27.83,61.91,6.98,67.54,blackgram
90,44,43,22.06,84.28,5.73,213.23,rice
16,60,18,26.67,67.58,6.33,47.04,lentil
28,59,21,27.7,64.27,6.96,67.33,blackgram
21,48,21,26.36,47.38,4.5,49.43,mothbeans
24,130,200,24.27,83.34,5.82,70.43,grapes
91,14,48,24.47,87.04,6.43,50.52,watermelon
30,45,22,28.07,85.79,6.81,45.52,mungbean
116,39,23,24.07,79.51,6.75,69.91,cotton
46,54,48,34.71,93.36,6.73,204.47,papaya
90,20,49,24.4,87.11,6.53,48.73,watermelon
29,23,29,34.68,51.63,4.76,94.06,mango
110,81,47,27.74,76.21,5.97,110.39,banana
20,52,19,16.32,22.55,5.86,114.77,kidneybeans
25,44,17,28.74,83.24,6.84,43.49,mungbean
92,15,53,29.27,93.0,6.58,25.11,muskmelon
29,23,28,28.76,95.07,6.03,206.91,coconut
24,54,22,19.45,20.79,5.66,92.62,kidneybeans
16,20,40,18.91,88.05,6.13,106.37,pomegranate
32,63,20,26.03,66.24,7.02,68.57,blackgram
30,62,20,31.24,65.54,7.38,65.37,blackgram
95,10,49,24.44,85.05,6.55,55.3,watermelon
96,85,50,25.72,77.55,6.06,97.54,banana
19,18,41,20.79,89.67,6.97,107.57,pomegranate
101,28,30,26.57,55.85,6.46,173.08,coffee
43,53,51,30.62,93.21,6.77,199.25,papaya
95,44,41,27.87,80.06,7.27,180.98,jute
15,18,30,27.72,92.32,6.02,156.23,coconut
17,20,11,20.69,91.24,8.1,109.53,orange
29,22,31,27.96,93.96,5.76,176.65,coconut
87,15,50,24.97,85.7,6.64,51.78,watermelon
12,131,201,22.76,92.72,6.16,110.99,apple
48,56,50,35.97,91.71,6.68,201.03,papaya
88,24,48,27.99,91.03,6.34,24.16,muskmelon
93,18,49,29.0,92.94,6.3,25.08,muskmelon
120,41,20,24.49,82.28,7.01,74.06,cotton
30,131,202,25.94,82.54,6.13,69.37,grapes
90,41,44,25.33,83.61,6.76,167.74,jute
79,39,41,27.14,82.42,7.12,172.74,jute
32,132,201,19.13,82.2,6.27,70.11,grapes
20,59,19,23.4,64.4,6.11,43.17,lentil
91,43,39,22.93,82.14,6.24,210.09,rice
17,24,31,29.16,48.2,5.89,96.04,mango
20,64,20,23.57,65.1,6.1,44.43,lentil
22,134,202,22.17,91.79,5.8,113.26,apple
31,43,19,28.0,82.59,6.81,49.91,mungbean
11,15,30,27.92,92.99,5.87,188.51,coconut
94,39,39,23.51,82.54,6.05,222.27,rice
76,39,16,23.16,61.24,5.99,90.9,maize
14,23,30,34.33,50.4,5.4,95.37,mango
23,25,42,20.7,91.37,6.18,106.16,pomegranate
119,45,21,23.34,78.32,6.81,84.91,cotton
22,60,18,24.21,64.47,6.41,44.87,lentil
93,24,50,28.37,91.08,6.39,26.37,muskmelon
26,22,13,15.91,91.48,6.73,108.43,orange
24,137,204,22.74,84.08,5.96,67.71,grapes
16,50,22,30.67,52.07,5.41,63.97,mothbeans
97,28,32,25.8,61.67,6.53,165.13,coffee
21,54,18,19.96,21.3,5.77,99.46,kidneybeans
31,55,20,21.74,21.67,5.75,99.73,kidneybeans
107,85,49,26.84,79.72,6.1,104.58,banana
90,19,51,25.35,89.22,6.46,49.23,watermelon
17,62,22,25.55,64.74,6.33,44.0,lentil
30,62,21,22.7,65.49,6.19,44.32,lentil
100,25,32,24.88,55.38,7.06,165.37,coffee
27,72,19,23.41,57.78,6.46,116.66,pigeonpeas
49,57,49,34.64,91.79,6.75,205.51,papaya
44,52,52,27.11,92.23,6.75,200.27,papaya
27,17,10,22.01,92.97,6.77,113.31,orange
29,41,21,27.89,87.42,6.7,45.01,mungbean
70,43,19,21.51,58.99,6.69,74.63,maize
94,26,50,28.8,93.36,6.36,25.3,muskmelon
26,28,31,30.56,48.82,5.21,95.14,mango
95,39,39,23.65,83.7,5.84,228.57,rice
32,62,21,28.9,64.92,7.12,75.28,blackgram
84,46,40,23.0,81.66,5.79,224.6,rice
65,38,22,26.16,65.96,6.39,89.96,maize
31,133,200,24.88,82.93,5.87,72.33,grapes
17,65,22,22.37,62.57,6.33,44.09,lentil
90,48,40,27.66,80.14,6.65,187.31,jute
114,44,23,24.92,77.76,7.21,75.58,cotton
98,22,32,26.59,55.29,6.71,168.57,coffee
97,85,51,27.72,79.44,6.25,92.88,banana
22,18,30,32.16,49.13,5.31,96.41,mango
96,16,52,26.14,83.33,6.67,47.83,watermelon
32,15,9,26.13,93.09,7.26,116.3,orange
89,19,49,25.61,86.3,6.38,52.6,watermelon
24,56,21,28.73,47.21,7.06,44.45,mothbeans
22,74,23,28.81,54.84,5.91,138.46,pigeonpeas
124,44,21,22.65,77.41,7.27,69.96,cotton
109,46,18,23.61,81.51,7.14,72.61,cotton
10,134,198,22.1,91.51,5.92,112.38,apple
20,48,18,22.06,21.32,5.7,107.4,kidneybeans
124,44,19,24.93,78.95,7.42,82.95,cotton
19,28,29,30.76,46.65,5.2,98.01,mango
87,43,40,22.17,82.8,6.27,227.64,rice
12,126,199,22.9,93.82,6.15,116.91,apple
34,132,200,22.53,81.65,5.71,68.24,grapes
19,124,200,22.67,92.61,5.5,107.23,apple
30,64,18,29.96,63.96,7.12,67.58,blackgram
20,24,44,19.82,89.62,5.71,105.32,pomegranate
43,54,50,34.19,92.61,6.8,197.12,papaya
65,40,22,21.03,61.94,6.39,76.93,maize
20,25,28,26.19,92.82,6.2,209.27,coconut
22,25,31,31.64,52.07,5.8,92.57,mango
26,131,197,22.26,92.54,6.2,110.13,apple
35,129,201,32.17,81.35,5.94,71.9,grapes
28,15,10,24.85,92.14,7.15,111.85,orange
23,24,40,19.84,91.4,6.75,101.76,pomegranate
19,69,20,26.91,52.95,6.07,174.12,pigeonpeas
16,21,40,22.59,91.29,6.51,103.5,pomegranate
94,87,49,26.86,82.57,6.17,103.01,banana
100,81,50,26.97,80.27,6.11,96.54,banana
26,55,19,30.32,46.12,8.52,47.52,mothbeans
27,61,19,27.53,63.64,6.81,66.47,blackgram
32,42,22,29.32,87.19,6.52,46.44,mungbean
37,61,80,21.41,17.43,7.23,38.23,chickpea
32,61,20,29.98,65.25,7.02,68.59,blackgram
97,27,30,26.27,53.57,6.34,166.09,coffee
124,44,22,24.59,79.73,6.49,91.12,cotton
19,23,30,35.46,51.92,6.23,95.73,mango
43,50,48,35.66,93.39,6.77,213.33,papaya
16,15,11,16.59,91.3,7.01,109.93,orange
114,43,19,24.02,81.25,6.88,77.39,cotton
17,17,40,18.38,87.08,6.44,105.14,pomegranate
26,137,199,28.02,83.67,5.8,69.06,grapes
93,82,51,26.59,77.75,5.9,99.89,banana
72,43,19,23.55,61.06,6.28,106.33,maize
23,15,29,28.29,94.8,5.66,163.73,coconut
28,56,21,27.28,58.18,8.53,71.01,mothbeans
19,23,32,31.89,48.69,5.55,96.87,mango
19,21,27,32.95,50.91,5.94,96.54,mango
25,130,198,21.85,91.28,6.17,106.19,apple
92,18,51,27.97,92.22,6.37,25.76,muskmelon
21,62,20,19.02,64.63,6.49,43.95,lentil
23,15,41,21.04,88.73,6.25,104.34,pomegranate
100,79,50,27.81,79.0,6.07,102.84,banana
27,135,201,21.64,92.37,5.95,111.33,apple
29,23,10,17.63,92.95,7.52,114.57,orange
38,54,48,35.65,91.52,6.74,213.97,papaya
20,66,22,21.85,63.88,6.49,40.48,lentil
120,46,20,24.76,78.48,6.82,89.9,cotton
96,22,29,25.21,56.28,6.59,190.99,coffee
14,12,30,26.7,94.42,6.11,196.59,coconut
20,63,19,25.62,65.88,6.46,44.79,lentil
11,129,202,22.52,92.18,5.98,114.54,apple
92,15,50,28.84,91.97,6.32,25.99,muskmelon
28,61,19,30.89,66.72,6.93,69.77,blackgram
31,62,19,29.69,62.33,7.38,64.41,blackgram
30,74,22,27.98,51.32,5.83,130.7,pigeonpeas
33,66,79,21.78,16.51,7.46,41.67,chickpea
84,38,40,23.8,81.75,6.29,195.62,rice
127,45,21,24.74,79.85,6.21,79.52,cotton
27,68,18,25.7,54.0,5.4,152.13,pigeonpeas
26,52,21,19.14,21.27,5.73,93.8,kidneybeans
70,49,19,24.96,66.69,6.11,89.74,maize
101,84,49,26.29,78.81,6.19,97.8,banana
75,47,43,27.38,82.61,6.81,191.23,jute
15,18,8,20.0,93.05,7.87,111.59,orange
45,53,50,37.99,91.91,6.62,211.72,papaya
11,24,29,27.94,92.32,5.97,184.86,coconut
29,52,20,29.65,49.53,5.08,48.93,mothbeans
92,45,37,22.12,80.8,6.09,223.37,rice
25,139,203,32.71,82.22,5.81,68.22,grapes
17,65,24,22.28,65.89,6.07,46.73,lentil
48,53,51,27.81,92.29,6.8,212.34,papaya
28,59,80,19.88,18.76,7.32,38.29,chickpea
31,65,82,19.95,16.02,7.63,38.49,chickpea
15,130,199,22.2,91.43,5.81,109.04,apple
92,20,50,24.92,83.86,6.69,48.38,watermelon
97,45,37,22.94,83.56,6.0,220.18,rice
43,57,49,27.87,92.11,6.66,204.45,papaya
22,35,21,27.89,81.64,6.23,50.89,mungbean
83,40,39,28.71,78.65,6.73,184.76,jute
38,56,54,29.13,92.26,6.54,194.98,papaya
18,18,39,23.68,88.58,7.31,105.73,pomegranate
28,136,200,21.91,92.86,6.19,115.65,apple
79,41,41,27.05,81.47,6.94,158.71,jute
28,62,19,28.12,65.52,6.79,66.46,blackgram
69,42,20,22.74,62.51,6.36,94.92,maize
11,20,39,19.93,89.53,6.67,105.88,pomegranate
36,71,17,21.17,57.38,5.06,138.17,pigeonpeas
90,13,50,27.64,93.37,6.41,24.13,muskmelon
9,43,19,29.3,85.03,6.5,47.29,mungbean
31,60,22,30.35,65.33,7.0,66.21,blackgram
73,41,41,27.59,84.07,6.75,179.97,jute
23,20,31,27.43,94.02,6.03,199.28,coconut
33,60,19,30.11,66.71,7.08,68.12,blackgram
108,41,17,24.78,79.96,6.08,82.5,cotton
87,15,52,25.47,85.63,6.48,46.06,watermelon
11,71,19,30.43,53.72,6.19,147.59,pigeonpeas
97,87,50,26.87,80.68,5.9,104.98,banana
29,130,200,22.65,92.81,5.96,117.84,apple
20,130,201,22.47,91.77,5.85,106.35,apple
16,64,19,24.06,66.16,5.94,43.86,lentil
41,56,51,39.54,92.37,6.71,202.88,papaya
27,43,19,29.0,83.12,6.89,48.14,mungbean
70,43,22,21.73,62.74,6.13,81.38,maize
31,71,21,25.95,54.79,6.05,149.62,pigeonpeas
103,29,33,25.75,55.58,6.33,180.42,coffee
9,17,12,25.34,92.55,7.16,109.91,orange
18,22,39,22.64,88.11,6.13,106.15,pomegranate
26,43,17,29.18,83.98,6.78,40.99,mungbean
91,30,28,26.26,53.71,6.9,188.62,coffee
94,46,39,22.35,82.4,6.16,227.77,rice
24,59,22,28.46,62.8,6.44,45.0,lentil
25,9,31,27.68,97.0,5.75,205.95,coconut
108,26,31,26.48,57.26,6.94,176.84,coffee
39,60,21,29.32,66.31,6.75,64.34,blackgram
33,74,18,21.97,53.91,5.89,154.1,pigeonpeas
30,128,201,24.76,81.68,6.37,70.79,grapes
84,16,51,25.27,84.49,6.69,50.35,watermelon
16,9,11,23.99,92.53,6.79,109.88,orange
89,43,37,23.24,82.8,6.47,208.95,rice
22,49,19,19.53,21.2,5.73,104.07,kidneybeans
28,66,81,20.75,18.49,7.35,40.59,chickpea
94,26,30,25.08,58.0,7.01,173.94,coffee
92,81,54,26.43,79.46,5.94,98.6,banana
11,25,30,31.63,49.97,6.83,92.78,mango
96,12,50,29.28,93.0,6.42,23.39,muskmelon
26,11,9,22.52,93.64,6.98,111.5,orange
82,40,39,26.62,77.91,6.63,185.01,jute
82,45,40,26.19,85.54,7.18,187.09,jute
90,14,49,27.8,92.56,6.54,23.17,muskmelon
29,40,21,28.81,81.81,6.72,45.55,mungbean
116,40,21,23.85,79.87,7.0,81.77,cotton
25,130,202,22.69,90.55,6.05,110.81,apple
103,23,29,25.17,53.75,6.76,177.83,coffee
25,42,20,28.54,86.33,6.85,43.12,mungbean
22,61,23,22.37,68.51,6.26,42.71,lentil
89,22,48,28.11,91.66,6.41,23.19,muskmelon
72,43,21,26.11,62.36,6.3,93.76,maize
20,63,22,25.93,65.82,6.16,46.24,lentil
20,16,30,28.82,94.86,6.36,165.03,coconut
30,71,80,19.29,16.24,6.1,37.36,chickpea
27,51,19,21.16,21.04,5.84,114.26,kidneybeans
102,27,30,25.74,57.41,6.77,168.0,coffee
98,90,49,26.3,79.89,5.99,102.57,banana
21,51,22,26.93,50.77,6.79,50.74,mothbeans
90,17,51,25.45,82.07,6.46,46.76,watermelon
97,79,50,25.42,80.59,5.84,100.54,banana
39,57,21,29.07,64.02,6.9,65.23,blackgram
110,24,31,25.41,54.28,6.93,159.05,coffee
31,68,20,21.35,57.53,5.95,152.69,pigeonpeas
83,43,41,27.91,79.03,6.71,181.9,jute
31,64,17,29.1,64.58,7.04,70.48,blackgram
31,134,200,23.11,85.13,6.15,70.69,grapes
33,130,199,28.07,82.47,6.14,68.49,grapes
42,49,49,26.71,91.77,6.62,206.4,papaya
21,20,29,30.81,48.3,6.11,96.35,mango
26,54,19,28.98,54.79,7.23,44.5,mothbeans
91,41,43,24.05,81.51,6.29,203.63,rice
20,56,18,21.36,21.17,5.73,116.86,kidneybeans
29,138,203,24.27,82.79,5.84,69.75,grapes
89,17,47,25.7,84.85,6.77,46.87,watermelon
24,16,11,26.84,91.11,6.81,107.15,orange
114,43,25,24.46,84.56,7.11,75.8,cotton
18,50,21,19.92,21.54,5.69,101.54,kidneybeans
11,71,21,29.9,53.46,5.79,166.15,pigeonpeas
27,78,18,25.48,56.39,5.97,126.99,pigeonpeas
36,69,81,19.77,16.7,6.81,41.81,chickpea
20,23,40,23.9,87.6,6.33,104.79,pomegranate
29,139,197,34.68,82.61,5.98,69.67,grapes
28,21,30,27.61,92.24,5.91,188.62,coconut
114,87,50,27.23,82.07,5.87,97.83,banana
15,24,40,18.91,87.67,6.42,103.06,pomegranate
94,42,38,26.5,82.55,6.15,214.72,rice
98,85,53,27.46,82.56,6.1,97.63,banana
98,82,49,27.0,78.23,5.92,98.28,banana
106,83,47,28.36,78.34,5.82,103.68,banana
117,39,20,23.45,78.24,6.64,96.57,cotton
91,20,52,26.1,84.1,6.48,52.24,watermelon
19,43,19,27.99,82.77,6.77,44.66,mungbean
24,30,30,35.4,47.13,6.04,96.94,mango
33,24,42,21.53,90.53,6.83,107.6,pomegranate
95,11,50,28.16,92.24,6.45,26.12,muskmelon
18,15,12,23.38,93.94,7.14,110.81,orange
72,43,18,23.99,61.27,5.86,81.43,maize
99,87,52,27.69,77.65,6.07,102.84,banana
73,45,43,26.12,82.8,7.41,183.48,jute
98,25,29,26.88,57.2,6.52,162.84,coffee
28,60,19,31.86,65.02,6.97,67.22,blackgram
29,53,18,28.87,48.37,6.06,51.26,mothbeans
87,12,49,28.41,92.59,6.36,21.07,muskmelon
31,64,22,30.75,64.16,6.93,68.1,blackgram
37,136,201,20.08,82.98,5.88,72.11,grapes
29,129,201,32.46,83.1,6.15,69.13,grapes
125,46,16,24.07,77.11,7.8,76.88,cotton
31,138,200,21.76,83.24,5.77,68.2,grapes
35,71,19,32.14,52.23,5.72,142.3,pigeonpeas
11,23,9,15.82,92.7,6.92,106.3,orange
21,49,20,28.4,54.78,7.78,49.6,mothbeans
18,26,31,33.31,49.96,6.43,96.51,mango
74,43,40,25.78,78.76,6.92,181.75,jute
18,26,29,32.56,49.87,5.64,94.4,mango
19,65,20,25.32,67.94,6.51,45.16,lentil
25,49,19,27.43,57.66,6.32,57.12,mothbeans
14,43,19,28.22,86.16,6.9,46.36,mungbean
37,55,49,36.31,91.76,6.69,166.32,papaya
21,22,12,21.8,92.72,7.56,102.92,orange
98,78,50,25.74,80.09,6.14,98.41,banana
21,13,27,27.32,94.02,5.94,183.71,coconut
13,21,29,30.77,49.1,5.94,95.13,mango
34,61,22,30.35,64.73,7.42,64.86,blackgram
75,43,22,20.27,63.17,6.47,85.69,maize
91,22,50,27.83,93.01,6.48,25.12,muskmelon
31,61,20,30.61,66.73,6.67,66.58,blackgram
85,46,42,27.09,83.62,6.43,170.65,jute
92,89,49,26.28,80.05,5.89,104.95,banana
18,12,11,25.1,90.51,6.72,107.7,orange
24,66,20,22.32,60.94,6.42,43.64,lentil
67,42,20,24.83,60.0,6.5,83.22,maize
28,37,20,28.58,84.54,6.92,49.26,mungbean
128,41,19,25.54,78.83,7.17,83.75,cotton
120,44,19,23.5,80.81,7.77,86.69,cotton
101,27,31,26.15,56.58,6.63,154.06,coffee
21,40,20,28.74,87.49,6.62,45.43,mungbean
28,55,19,17.8,21.26,5.68,104.05,kidneybeans
28,64,77,19.19,18.3,7.81,37.94,chickpea
31,45,22,28.27,83.2,6.6,48.32,mungbean
18,15,39,21.96,90.97,6.49,106.93,pomegranate
19,60,21,23.34,64.14,6.46,45.05,lentil
19,68,20,23.45,63.61,6.52,46.45,lentil
87,48,38,22.08,83.47,6.32,222.28,rice
92,15,47,25.27,85.68,6.67,46.09,watermelon
74,46,37,24.63,78.37,7.06,188.27,jute
17,19,38,21.0,91.61,6.93,106.6,pomegranate
26,63,19,21.71,66.82,6.11,45.07,lentil
28,61,21,28.82,66.07,6.94,62.56,blackgram
35,138,201,28.19,83.91,6.06,71.08,grapes
29,25,30,32.21,51.95,5.06,95.97,mango
88,42,39,25.66,82.49,5.92,224.6,rice
74,43,38,25.73,84.07,7.02,159.34,jute
89,83,50,27.76,80.67,6.05,96.24,banana
123,43,20,25.12,79.94,7.18,93.68,cotton
80,44,39,25.48,85.62,7.8,176.19,jute
24,63,80,20.16,16.64,7.63,38.56,chickpea
15,16,31,27.21,96.12,5.83,159.13,coconut
21,43,19,28.59,87.52,6.8,49.62,mungbean
29,77,22,24.43,56.2,5.35,155.49,pigeonpeas
98,86,50,26.43,82.15,6.01,106.83,banana
98,87,50,27.53,82.25,6.18,101.57,banana
18,66,22,23.33,62.01,6.11,44.0,lentil
24,45,21,28.51,83.38,6.81,47.58,mungbean
46,57,50,32.65,92.16,6.7,213.13,papaya
25,54,21,20.03,22.29,5.8,99.69,kidneybeans
97,11,51,25.21,84.44,6.45,47.32,watermelon
24,18,30,26.91,97.11,6.47,175.36,coconut
24,58,18,20.32,20.73,5.79,105.29,kidneybeans
70,42,21,23.48,58.56,6.62,96.5,maize
10,20,30,34.88,49.66,5.67,92.6,mango
27,132,199,20.06,83.12,6.09,72.02,grapes
22,52,24,26.84,44.78,7.6,45.48,mothbeans
47,58,49,37.94,93.43,6.84,189.0,papaya
26,19,10,25.65,92.04,6.53,112.41,orange
91,46,41,23.31,82.48,5.93,214.78,rice
22,18,31,26.56,94.8,6.02,183.86,coconut
30,60,22,33.87,64.97,7.08,67.71,blackgram
20,60,21,24.37,64.3,5.77,47.41,lentil
89,10,51,25.63,85.11,6.46,49.02,watermelon
16,26,33,33.96,46.8,5.99,94.7,mango
25,25,27,35.99,52.91,6.05,93.74,mango
32,66,22,27.46,50.98,5.46,175.73,pigeonpeas
30,19,42,20.39,88.49,5.72,107.79,pomegranate
24,45,19,28.13,84.63,6.5,55.09,mungbean
19,52,19,20.96,19.42,5.72,109.52,kidneybeans
22,50,18,30.98,58.05,8.83,41.85,mothbeans
28,19,29,27.83,97.06,6.15,189.13,coconut
23,54,23,17.39,23.39,5.76,91.52,kidneybeans
92,40,43,22.59,82.23,6.33,200.64,rice
15,42,20,28.3,84.81,6.74,46.87,mungbean
89,41,39,25.56,82.84,5.88,225.71,rice
27,22,44,20.88,91.6,6.46,107.06,pomegranate
86,41,38,24.54,84.39,6.68,172.29,jute
20,58,16,24.59,65.23,6.18,44.82,lentil
24,53,22,29.52,47.74,7.64,49.57,mothbeans
22,71,21,23.37,55.74,6.61,135.59,pigeonpeas
7,20,38,22.55,91.31,6.2,103.72,pomegranate
25,53,20,27.55,55.93,6.99,50.12,mothbeans
30,60,19,28.37,64.55,7.21,65.49,blackgram
46,58,49,31.65,93.88,6.83,213.18,papaya
86,31,28,26.82,57.6,6.89,165.11,coffee
97,86,49,26.96,77.48,6.11,105.88,banana
18,22,31,32.89,50.28,6.03,94.94,mango
30,66,80,20.71,17.14,7.26,39.57,chickpea
88,21,51,28.64,93.6,6.33,24.69,muskmelon
18,26,32,29.71,48.31,4.94,94.08,mango
28,62,19,31.7,64.37,7.35,68.58,blackgram
86,18,50,28.66,92.6,6.45,24.48,muskmelon
27,68,22,27.22,59.62,6.22,165.19,pigeonpeas
75,45,19,21.98,61.7,6.77,88.18,maize
27,18,10,21.99,92.33,7.2,111.22,orange
19,17,43,23.46,88.53,6.55,103.87,pomegranate
17,16,10,20.75,91.31,7.07,113.58,orange
20,64,16,24.89,63.94,6.66,46.04,lentil
88,13,49,25.45,84.35,6.46,51.11,watermelon
28,37,23,28.65,83.71,6.73,48.23,mungbean
26,15,28,30.24,95.67,5.96,194.48,coconut
19,44,17,27.47,86.23,6.78,47.26,mungbean
24,11,34,26.48,96.04,5.83,169.68,coconut
19,53,17,29.15,50.22,8.83,44.84,mothbeans
22,52,20,29.8,53.28,5.96,62.6,mothbeans
48,58,51,40.96,93.86,6.79,186.02,papaya
19,21,30,27.58,94.33,5.76,212.3,coconut
93,44,38,25.14,81.33,6.28,240.56,rice
74,45,21,24.1,65.42,6.6,90.41,maize
91,18,51,25.51,83.37,6.4,43.4,watermelon
28,131,202,19.19,82.2,6.16,69.5,grapes
103,15,28,23.68,57.94,6.81,172.83,coffee
29,20,38,22.62,91.11,6.16,105.64,pomegranate
14,26,43,21.8,89.98,6.84,106.82,pomegranate
29,62,84,19.82,17.6,7.28,40.07,chickpea
75,46,20,24.74,62.87,6.17,79.89,maize
17,25,31,30.02,51.21,5.79,92.14,mango
8,24,37,22.55,89.39,6.73,102.78,pomegranate
24,40,20,27.66,83.13,6.81,50.02,mungbean
123,43,21,24.18,79.91,7.45,71.25,cotton
22,44,20,27.73,85.27,7.07,49.55,mungbean
72,43,21,21.12,62.92,5.9,84.07,maize
25,52,21,19.09,21.31,5.75,89.97,kidneybeans
25,70,19,22.86,58.26,4.95,166.15,pigeonpeas
84,41,41,25.66,86.11,7.11,169.83,jute
105,23,30,24.77,56.13,6.82,164.98,coffee
118,42,20,23.24,78.72,6.25,73.85,cotton
84,42,40,25.81,80.04,6.61,168.41,jute
124,40,19,22.61,79.51,6.5,80.53,cotton
29,49,21,26.19,52.7,8.81,43.68,mothbeans
85,17,49,26.29,85.67,6.53,52.79,watermelon
98,84,49,27.82,80.77,6.04,102.7,banana
33,74,22,22.7,50.45,5.93,154.22,pigeonpeas
71,45,15,25.63,62.15,6.53,76.33,maize
28,126,201,33.72,83.05,6.03,70.68,grapes
22,27,31,33.94,50.39,5.59,93.47,mango
90,49,40,23.85,82.47,5.9,228.33,rice
20,132,198,21.55,92.37,6.05,117.08,apple
96,78,50,26.48,78.67,5.92,105.82,banana
111,27,29,26.24,56.37,6.56,148.56,coffee
25,53,19,29.87,47.6,7.28,57.88,mothbeans
29,141,200,21.71,92.24,6.06,112.81,apple
23,44,21,28.08,85.11,6.36,53.51,mungbean
128,42,20,24.23,85.31,7.39,84.67,cotton
10,15,31,26.79,94.9,6.04,176.88,coconut
101,84,51,26.56,78.98,5.91,104.51,banana
121,43,17,23.91,80.94,6.84,75.77,cotton
28,133,203,22.24,92.14,6.14,105.74,apple
22,13,41,22.72,89.86,7.08,106.43,pomegranate
93,25,31,26.03,57.35,6.69,174.52,coffee
25,63,81,20.95,17.93,7.36,40.86,chickpea
12,16,4,20.64,92.43,7.19,109.1,orange
30,67,22,32.74,65.65,7.19,65.69,blackgram
114,43,19,24.55,80.23,6.49,80.54,cotton
30,60,82,19.27,16.82,7.1,41.91,chickpea
86,44,40,24.33,82.89,6.13,205.12,rice
89,45,41,26.68,81.06,7.4,185.2,jute
60,60,49,34.07,93.13,6.82,207.37,papaya
23,73,19,26.24,53.24,5.24,150.9,pigeonpeas
103,27,31,25.88,64.25,6.73,179.36,coffee
91,13,51,25.19,84.46,6.54,50.34,watermelon
27,63,78,20.12,18.85,7.16,39.58,chickpea
93,40,40,19.72,81.65,6.1,200.44,rice
21,23,11,20.74,90.56,6.92,113.43,orange
32,65,20,29.0,62.4,7.14,68.56,blackgram
110,82,52,27.24,76.98,6.11,99.61,banana
91,24,47,25.2,86.37,6.56,50.6,watermelon
29,69,23,25.56,54.29,5.69,139.72,pigeonpeas
116,42,20,24.24,79.98,6.69,66.91,cotton
74,43,39,25.55,76.87,6.97,182.86,jute
109,28,28,25.34,57.59,6.78,179.16,coffee
23,44,17,28.83,83.66,6.75,46.47,mungbean
91,84,50,25.78,82.31,6.02,101.27,banana
28,45,21,28.27,86.26,6.47,51.89,mungbean
79,47,42,26.32,82.39,6.87,175.28,jute
29,133,202,22.77,81.77,5.76,70.8,grapes
20,28,32,32.12,48.39,4.94,92.07,mango
86,20,54,29.03,93.68,6.43,26.61,muskmelon
17,130,201,23.03,92.43,6.11,108.01,apple
130,43,19,24.24,80.7,6.93,81.19,cotton
89,22,51,26.19,83.35,6.44,52.53,watermelon
103,27,31,25.58,59.24,6.15,171.11,coffee
19,62,20,25.94,65.7,6.31,42.88,lentil
18,17,7,26.44,90.19,7.9,115.01,orange
74,45,21,20.79,66.58,5.96,87.52,maize
42,52,49,41.98,92.17,6.83,193.73,papaya
18,22,41,20.24,91.66,6.88,103.12,pomegranate
53,51,51,39.43,93.13,6.82,209.79,papaya
15,25,31,32.7,47.63,6.55,93.93,mango
21,62,18,23.91,62.94,6.6,42.74,lentil
51,57,48,33.49,94.18,6.76,194.54,papaya
115,46,20,24.41,78.5,5.82,76.51,cotton
23,61,20,23.97,66.14,6.4,44.63,lentil
123,39,22,22.12,81.39,7.24,77.12,cotton
20,15,39,20.45,91.35,6.54,102.86,pomegranate
26,17,29,26.86,93.72,5.7,163.28,coconut
69,40,18,24.24,61.33,6.34,84.61,maize
89,42,41,24.02,82.2,6.4,202.39,rice
72,43,42,26.55,80.7,7.39,162.13,jute
31,55,20,28.77,56.98,6.99,56.03,mothbeans
14,29,31,32.96,50.01,5.16,96.63,mango
33,135,201,23.12,81.95,6.21,69.17,grapes
124,45,18,24.01,78.22,6.88,78.49,cotton
4,22,29,26.39,95.91,6.0,200.27,coconut
64,39,21,22.76,62.04,6.25,87.9,maize
90,19,51,28.12,91.56,6.73,24.19,muskmelon
91,9,49,28.07,92.04,6.48,24.82,muskmelon
30,18,11,28.48,91.97,7.37,110.92,orange
32,55,20,28.78,51.27,8.22,48.66,mothbeans
28,44,21,28.66,84.11,6.84,41.84,mungbean
120,47,22,24.61,81.33,7.16,87.73,cotton
23,14,9,16.9,92.34,6.9,111.0,orange
17,24,31,33.42,50.95,5.79,97.5,mango
92,46,42,26.01,81.86,6.34,217.14,rice
74,44,19,23.66,55.38,6.54,70.5,maize
29,72,18,26.35,60.68,6.62,143.86,pigeonpeas
22,29,29,33.21,49.12,6.07,92.57,mango
30,66,83,20.24,19.67,7.28,37.07,chickpea
92,23,29,26.8,59.81,7.04,178.2,coffee
29,15,8,22.72,92.21,6.72,109.73,orange
13,22,28,30.17,45.25,5.98,98.42,mango
30,131,198,15.92,82.07,6.15,72.09,grapes
87,42,41,24.64,82.1,6.11,202.09,rice
94,80,50,26.92,80.17,5.95,102.11,banana
75,40,40,25.88,81.99,6.98,180.23,jute
97,85,48,27.69,77.01,6.09,98.91,banana
19,68,19,26.95,54.68,5.79,127.66,pigeonpeas
15,20,12,21.0,92.94,6.66,118.15,orange
36,63,80,19.26,16.4,6.69,39.94,chickpea
93,15,51,24.72,85.68,6.83,46.68,watermelon
20,60,19,24.17,66.52,6.2,42.98,lentil
72,45,39,26.1,84.83,6.63,168.94,jute
20,65,18,20.93,67.63,6.1,46.89,lentil
21,127,202,22.45,92.41,6.15,113.89,apple
107,28,29,26.63,59.78,6.8,172.41,coffee
21,43,22,28.2,88.5,6.61,47.64,mungbean
24,54,21,20.65,19.95,5.84,122.54,kidneybeans
81,39,40,24.19,82.31,7.24,186.33,jute
48,52,50,32.7,93.2,6.74,199.02,papaya
28,66,78,20.11,17.47,6.9,39.79,chickpea
22,18,10,20.15,92.05,7.14,105.38,orange
87,23,47,25.1,87.8,6.43,45.62,watermelon
89,19,50,28.32,92.13,6.25,26.65,muskmelon
68,43,21,22.89,61.12,6.08,84.79,maize
120,41,22,22.42,79.11,7.2,78.04,cotton
31,75,21,27.52,60.87,6.0,123.33,pigeonpeas
120,45,18,25.09,81.5,6.87,79.01,cotton
21,20,33,27.97,95.1,6.04,171.94,coconut
19,43,19,28.78,84.94,6.43,49.25,mungbean
20,63,19,22.82,65.38,5.97,45.58,lentil
92,24,28,27.85,53.37,6.75,181.43,coffee
22,54,22,27.21,50.98,6.59,40.69,mothbeans
89,38,42,26.2,76.17,6.92,168.98,jute
116,42,16,24.63,81.37,6.9,69.82,cotton
27,24,40,21.08,92.05,6.1,105.73,pomegranate
29,73,18,24.99,52.98,5.96,152.81,pigeonpeas
19,24,31,26.14,91.85,5.99,159.79,coconut
40,58,48,29.93,92.81,6.88,194.12,papaya
86,44,37,26.82,77.42,7.37,162.96,jute
34,32,30,26.25,52.06,5.52,93.66,mango
70,48,23,23.15,62.6,6.28,90.11,maize
79,41,41,26.45,75.6,6.36,165.59,jute
120,41,18,22.6,79.78,6.74,75.49,cotton
91,22,47,25.7,85.97,6.16,52.66,watermelon
34,75,21,27.54,56.31,5.04,139.89,pigeonpeas
100,18,31,25.04,52.11,6.55,164.3,coffee
16,18,39,21.81,91.19,6.48,105.03,pomegranate
105,22,31,25.73,57.36,6.62,163.62,coffee
22,43,19,29.07,80.27,6.7,47.06,mungbean
39,50,50,33.15,92.15,6.74,181.62,papaya
93,24,45,25.72,82.62,6.58,50.43,watermelon
39,68,22,26.01,57.57,6.22,131.56,pigeonpeas
90,23,47,25.1,84.08,6.44,52.47,watermelon
69,41,21,21.15,62.57,6.25,94.05,maize
21,24,33,33.62,51.31,5.61,98.31,mango
31,125,199,27.06,82.84,6.2,69.76,grapes
21,46,20,28.06,86.66,6.65,50.66,mungbean
73,43,19,23.55,63.48,6.47,90.29,maize
28,58,23,32.09,63.7,7.05,68.54,blackgram
17,126,202,22.57,91.81,5.93,119.49,apple
118,41,17,24.23,80.25,6.34,83.02,cotton
15,18,38,21.98,91.11,6.05,104.24,pomegranate
76,44,19,25.74,60.99,6.44,87.49,maize
22,8,10,16.28,91.49,6.94,114.25,orange
19,58,23,23.88,63.75,6.35,46.95,lentil
19,22,30,29.45,94.7,6.18,193.42,coconut
28,63,82,17.86,20.11,7.53,40.37,chickpea
27,63,79,18.65,16.82,6.76,41.46,chickpea
30,60,20,27.5,67.27,6.95,66.28,blackgram
26,79,21,23.66,54.68,5.11,143.52,pigeonpeas
75,41,19,23.21,61.12,6.41,86.69,maize
31,125,201,20.57,81.98,5.82,71.22,grapes
28,68,80,20.27,18.77,7.25,40.9,chickpea
85,18,52,28.41,91.25,6.51,27.81,muskmelon
18,70,18,22.16,64.06,6.31,44.22,lentil
32,67,78,21.09,17.05,7.4,40.61,chickpea
92,21,49,28.17,91.6,6.45,23.27,muskmelon
47,52,51,32.6,92.86,6.75,201.24,papaya
12,17,6,24.35,92.88,7.56,109.35,orange
30,64,20,28.28,65.08,6.82,67.7,blackgram
39,59,46,32.52,90.01,6.68,191.82,papaya
100,34,31,26.04,58.6,6.68,182.94,coffee
24,23,29,28.39,50.26,5.72,96.89,mango
16,28,13,28.98,92.22,7.81,111.23,orange
92,19,48,28.3,92.19,6.16,23.37,muskmelon
26,54,18,19.59,21.45,5.74,110.01,kidneybeans
31,132,202,17.59,81.87,6.25,70.22,grapes
38,54,51,40.7,92.85,6.85,195.91,papaya
21,64,18,27.25,68.32,6.35,47.65,lentil
22,137,201,21.99,91.6,5.88,116.57,apple
22,45,20,28.7,83.4,6.6,45.59,mungbean
93,41,41,22.96,82.11,6.2,192.68,rice
21,47,20,28.82,83.63,6.5,45.13,mungbean
8,13,14,25.44,94.1,7.28,107.53,orange
34,136,200,26.08,82.75,6.07,66.96,grapes
77,41,42,25.86,80.93,7.05,166.08,jute
22,130,202,22.4,91.84,6.04,120.68,apple
26,17,30,28.46,95.69,6.13,160.85,coconut
18,20,32,34.65,49.93,6.65,95.15,mango
96,23,27,25.98,53.45,6.56,175.88,coffee
17,16,11,23.74,93.01,6.92,108.86,orange
121,45,18,23.11,77.85,6.47,83.97,cotton
26,42,22,28.82,87.69,6.47,47.36,mungbean
26,38,18,29.88,84.49,6.82,44.79,mungbean
34,129,198,27.48,83.03,6.07,66.64,grapes
21,52,19,21.24,21.29,5.7,124.82,kidneybeans
26,42,20,28.88,83.27,7.02,39.91,mungbean
92,26,50,28.39,92.28,6.42,23.62,muskmelon
87,20,54,28.75,90.84,6.35,25.2,muskmelon
31,61,20,28.43,66.87,6.95,71.13,blackgram
33,129,201,24.74,83.02,5.96,69.49,grapes
46,49,51,36.83,92.44,6.95,188.62,papaya
14,20,38,22.31,89.37,6.07,105.74,pomegranate
91,16,49,24.65,84.59,6.42,48.28,watermelon
93,20,54,27.99,93.19,6.23,25.26,muskmelon
87,16,51,29.53,93.0,6.46,25.88,muskmelon
88,14,51,27.91,91.67,6.55,28.17,muskmelon
84,45,41,25.52,79.4,7.32,163.47,jute
28,135,199,22.52,91.76,5.97,110.19,apple
20,24,5,25.04,93.1,7.38,109.78,orange
90,22,51,25.28,82.65,6.55,45.03,watermelon
109,21,31,24.46,57.74,6.94,167.85,coffee
102,24,27,25.11,54.63,6.58,170.33,coffee
23,20,12,30.45,92.6,7.37,108.83,orange
98,81,53,26.49,81.11,6.18,98.15,banana
32,65,21,30.46,63.34,7.0,66.17,blackgram
21,118,199,22.88,92.17,5.92,108.16,apple
34,16,30,26.86,93.56,6.38,195.67,coconut
44,56,48,39.85,92.49,6.77,190.38,papaya
29,28,25,29.99,51.57,5.81,93.29,mango
103,93,47,27.52,78.48,6.0,99.17,banana
24,52,18,27.13,54.43,6.15,52.11,mothbeans
23,5,10,16.38,93.04,7.49,106.91,orange
48,56,50,38.75,92.84,6.68,188.65,papaya
121,44,18,24.17,82.2,7.11,80.39,cotton
90,42,43,20.41,83.41,6.42,190.81,rice
79,86,50,25.88,80.52,6.08,101.97,banana
31,51,16,28.02,56.31,7.33,52.85,mothbeans
24,68,19,24.22,64.31,6.25,47.55,lentil
96,20,46,29.11,93.41,6.35,26.2,muskmelon
9,15,35,26.69,96.22,5.9,188.48,coconut
106,85,50,26.44,77.14,6.04,103.02,banana
31,61,81,19.35,17.06,7.29,42.06,chickpea
12,52,20,18.08,21.95,5.73,131.33,kidneybeans
22,63,20,22.26,65.12,6.43,43.09,lentil
24,55,19,17.99,20.28,5.71,99.72,kidneybeans
96,25,29,24.89,56.48,6.57,176.84,coffee
103,85,53,26.01,80.23,6.01,102.71,banana
87,16,52,28.36,90.94,6.39,24.87,muskmelon
24,24,41,18.59,89.17,6.9,103.65,pomegranate
19,136,199,22.29,91.41,6.04,113.86,apple
28,16,31,27.34,94.55,5.92,176.97,coconut
17,63,19,25.73,65.25,6.32,43.7,lentil
51,51,51,26.86,92.43,6.84,190.81,papaya
27,54,19,29.0,57.83,4.35,53.35,mothbeans
26,65,22,28.95,64.54,6.83,66.99,blackgram
17,25,28,26.38,96.79,6.2,187.2,coconut
27,67,82,20.72,18.33,6.62,37.63,chickpea
76,46,42,27.22,86.1,7.74,173.54,jute
47,49,51,29.92,93.8,6.75,179.23,papaya
21,49,20,21.5,20.44,5.88,112.66,kidneybeans
24,73,23,29.29,57.9,5.77,128.7,pigeonpeas
19,16,10,20.14,92.2,7.68,106.96,orange
24,56,21,20.69,22.04,5.75,113.37,kidneybeans
14,139,202,22.06,93.06,5.8,118.35,apple
10,25,28,32.41,47.3,5.89,93.95,mango
88,14,52,29.11,93.29,6.47,25.15,muskmelon
74,46,40,26.12,83.73,6.62,173.12,jute
14,25,32,32.89,50.06,5.6,96.58,mango
89,16,49,25.26,80.42,6.57,47.18,watermelon
88,40,40,24.61,81.68,6.26,208.81,rice
81,48,40,25.67,79.06,6.62,185.47,jute
17,31,30,31.37,46.31,5.67,96.39,mango
28,70,20,24.22,53.71,5.79,136.24,pigeonpeas
27,51,21,18.18,22.54,5.76,113.3,kidneybeans
31,58,19,29.45,67.79,6.95,62.0,blackgram
29,59,22,32.82,67.78,7.2,67.01,blackgram
101,84,49,26.28,79.28,5.65,97.55,banana
20,62,18,24.52,68.15,6.03,43.71,lentil
24,50,18,17.46,22.8,5.7,128.01,kidneybeans
109,82,52,26.71,82.92,5.94,97.2,banana
32,127,199,19.98,82.61,5.94,70.29,grapes
32,70,21,29.03,61.1,5.8,158.06,pigeonpeas
13,65,20,22.45,68.16,6.27,43.27,lentil
24,18,40,21.43,91.38,6.14,104.91,pomegranate
122,44,21,23.38,80.32,7.44,78.62,cotton
35,64,80,21.33,17.96,7.23,43.61,chickpea
67,42,21,22.98,63.55,6.65,88.78,maize
20,136,199,22.08,91.94,5.9,115.9,apple
26,63,22,29.37,67.25,7.22,71.66,blackgram
30,138,201,22.54,92.52,6.13,110.87,apple
12,29,30,31.63,49.54,6.07,96.31,mango
82,90,49,27.46,81.24,5.85,102.2,banana
24,127,200,22.78,92.33,6.06,108.37,apple
130,45,22,23.55,81.34,7.62,75.41,cotton
88,45,39,23.37,82.92,6.34,201.0,rice
32,65,20,28.71,62.04,6.89,65.96,blackgram
93,23,51,28.39,92.62,6.2,24.78,muskmelon
86,22,52,24.88,87.26,6.48,51.4,watermelon
98,29,29,24.7,58.41,6.47,175.36,coffee
88,21,49,26.2,84.79,6.61,52.49,watermelon
82,42,42,24.89,78.01,6.72,172.68,jute
31,66,80,20.59,17.1,7.44,37.76,chickpea
75,41,42,24.57,77.46,7.48,177.03,jute
26,40,18,28.02,85.18,6.6,49.56,mungbean
24,132,203,24.29,82.75,6.23,69.33,grapes
85,40,39,27.38,77.14,6.64,165.18,jute
27,48,22,29.07,82.69,6.83,47.28,mungbean
29,141,201,21.46,92.03,6.1,110.74,apple
25,137,200,16.16,82.25,6.08,69.44,grapes
25,23,32,27.97,96.1,5.82,154.96,coconut
25,53,22,26.95,51.04,5.91,52.53,mothbeans
72,43,17,21.09,62.14,5.95,90.0,maize
18,22,31,28.84,96.3,5.92,150.08,coconut
16,15,40,21.3,89.27,6.65,103.75,pomegranate
75,43,40,25.0,76.43,6.69,184.05,jute
95,80,46,26.98,79.06,5.76,103.96,banana
31,78,20,23.94,49.84,6.13,165.24,pigeonpeas
33,67,21,28.24,64.57,7.05,72.67,blackgram
86,44,40,23.79,82.79,6.0,217.71,rice
33,74,23,21.81,53.25,5.63,158.23,pigeonpeas
16,19,30,34.82,51.34,6.66,96.47,mango
21,18,38,19.45,88.84,6.66,103.83,pomegranate
29,137,199,22.0,82.99,6.0,70.97,grapes
8,134,200,23.07,91.94,5.97,117.18,apple
36,65,20,32.25,62.48,6.78,62.06,blackgram
16,10,9,29.92,91.26,7.0,110.11,orange
69,43,20,24.87,62.26,6.32,90.07,maize
111,25,29,26.13,57.1,7.22,169.96,coffee
90,20,52,28.9,92.36,6.38,28.92,muskmelon
21,57,20,20.83,22.28,5.79,117.58,kidneybeans
27,130,201,28.99,83.43,6.26,69.89,grapes
20,75,21,32.0,52.07,5.81,149.24,pigeonpeas
94,24,30,26.5,59.24,6.82,169.97,coffee
18,18,10,23.49,93.57,6.96,106.12,orange
104,82,49,27.0,79.93,6.12,93.28,banana
22,27,30,32.31,49.44,5.75,94.54,mango
25,137,200,25.19,82.83,5.87,70.76,grapes
21,63,24,23.45,64.47,6.28,46.79,lentil
